/*
 Navicat Premium Data Transfer

 Source Server         : localhost
 Source Server Type    : MySQL
 Source Server Version : 50728
 Source Host           : localhost:3306
 Source Schema         : ry-fast-camunda

 Target Server Type    : MySQL
 Target Server Version : 50728
 File Encoding         : 65001

 Date: 11/02/2026 16:56:10
*/

SET NAMES utf8mb4;
SET FOREIGN_KEY_CHECKS = 0;

-- ----------------------------
-- Table structure for act_ge_bytearray
-- ----------------------------
DROP TABLE IF EXISTS `act_ge_bytearray`;
CREATE TABLE `act_ge_bytearray`  (
  `ID_` varchar(64) CHARACTER SET utf8 COLLATE utf8_bin NOT NULL,
  `REV_` int(11) NULL DEFAULT NULL,
  `NAME_` varchar(255) CHARACTER SET utf8 COLLATE utf8_bin NULL DEFAULT NULL,
  `DEPLOYMENT_ID_` varchar(64) CHARACTER SET utf8 COLLATE utf8_bin NULL DEFAULT NULL,
  `BYTES_` longblob NULL,
  `GENERATED_` tinyint(4) NULL DEFAULT NULL,
  `TENANT_ID_` varchar(64) CHARACTER SET utf8 COLLATE utf8_bin NULL DEFAULT NULL,
  `TYPE_` int(11) NULL DEFAULT NULL,
  `CREATE_TIME_` datetime NULL DEFAULT NULL,
  `ROOT_PROC_INST_ID_` varchar(64) CHARACTER SET utf8 COLLATE utf8_bin NULL DEFAULT NULL,
  `REMOVAL_TIME_` datetime NULL DEFAULT NULL,
  PRIMARY KEY (`ID_`) USING BTREE,
  INDEX `ACT_FK_BYTEARR_DEPL`(`DEPLOYMENT_ID_`) USING BTREE,
  INDEX `ACT_IDX_BYTEARRAY_ROOT_PI`(`ROOT_PROC_INST_ID_`) USING BTREE,
  INDEX `ACT_IDX_BYTEARRAY_RM_TIME`(`REMOVAL_TIME_`) USING BTREE,
  INDEX `ACT_IDX_BYTEARRAY_NAME`(`NAME_`) USING BTREE,
  CONSTRAINT `ACT_FK_BYTEARR_DEPL` FOREIGN KEY (`DEPLOYMENT_ID_`) REFERENCES `act_re_deployment` (`ID_`) ON DELETE RESTRICT ON UPDATE RESTRICT
) ENGINE = InnoDB CHARACTER SET = utf8 COLLATE = utf8_bin ROW_FORMAT = Dynamic;

-- ----------------------------
-- Records of act_ge_bytearray
-- ----------------------------
INSERT INTO `act_ge_bytearray` VALUES ('5b12e60b-0727-11f1-b7f4-0a0027000004', 1, 'uploadPath/processDefiniton/2026/02/11/qingjia_v1_20260211165503A001.bpmn', '5b12e60a-0727-11f1-b7f4-0a0027000004', 0x3C3F786D6C2076657273696F6E3D22312E302220656E636F64696E673D225554462D38223F3E0D0A3C62706D6E3A646566696E6974696F6E7320786D6C6E733A62706D6E3D22687474703A2F2F7777772E6F6D672E6F72672F737065632F42504D4E2F32303130303532342F4D4F44454C2220786D6C6E733A62706D6E64693D22687474703A2F2F7777772E6F6D672E6F72672F737065632F42504D4E2F32303130303532342F44492220786D6C6E733A64633D22687474703A2F2F7777772E6F6D672E6F72672F737065632F44442F32303130303532342F44432220786D6C6E733A63616D756E64613D22687474703A2F2F63616D756E64612E6F72672F736368656D612F312E302F62706D6E2220786D6C6E733A7873693D22687474703A2F2F7777772E77332E6F72672F323030312F584D4C536368656D612D696E7374616E63652220786D6C6E733A64693D22687474703A2F2F7777772E6F6D672E6F72672F737065632F44442F32303130303532342F44492220786D6C6E733A6D6F64656C65723D22687474703A2F2F63616D756E64612E6F72672F736368656D612F6D6F64656C65722F312E30222069643D22446566696E6974696F6E735F31643268636D7A22207461726765744E616D6573706163653D22687474703A2F2F62706D6E2E696F2F736368656D612F62706D6E22206578706F727465723D2243616D756E6461204D6F64656C657222206578706F7274657256657273696F6E3D22352E32302E3022206D6F64656C65723A657865637574696F6E506C6174666F726D3D2243616D756E646120506C6174666F726D22206D6F64656C65723A657865637574696F6E506C6174666F726D56657273696F6E3D22372E32302E30223E0D0A20203C62706D6E3A70726F636573732069643D2271696E676A696122206E616D653D22E8AFB7E581872220697345786563757461626C653D2274727565222063616D756E64613A686973746F727954696D65546F4C6976653D22313830223E0D0A202020203C62706D6E3A646F63756D656E746174696F6E3EE8AFB7E58187E6A087E58786E6B581E7A88B3C2F62706D6E3A646F63756D656E746174696F6E3E0D0A202020203C62706D6E3A73746172744576656E742069643D2253746172744576656E745F31222063616D756E64613A666F726D4B65793D222F6F612F71696E676A69612F70726F63657373466F726D223E0D0A2020202020203C62706D6E3A6F7574676F696E673E466C6F775F3166343137686B3C2F62706D6E3A6F7574676F696E673E0D0A202020203C2F62706D6E3A73746172744576656E743E0D0A202020203C62706D6E3A73657175656E6365466C6F772069643D22466C6F775F3166343137686B2220736F757263655265663D2253746172744576656E745F3122207461726765745265663D226E3122202F3E0D0A202020203C62706D6E3A73657175656E6365466C6F772069643D22466C6F775F30797478786C702220736F757263655265663D226E3122207461726765745265663D226E3231223E0D0A2020202020203C62706D6E3A636F6E646974696F6E45787072657373696F6E207873693A747970653D2262706D6E3A74466F726D616C45787072657373696F6E223E247B646179266C743B337D3C2F62706D6E3A636F6E646974696F6E45787072657373696F6E3E0D0A202020203C2F62706D6E3A73657175656E6365466C6F773E0D0A202020203C62706D6E3A73657175656E6365466C6F772069643D22466C6F775F307073626233622220736F757263655265663D226E3122207461726765745265663D226E3232223E0D0A2020202020203C62706D6E3A636F6E646974696F6E45787072657373696F6E207873693A747970653D2262706D6E3A74466F726D616C45787072657373696F6E223E247B646179202667743B3D20337D3C2F62706D6E3A636F6E646974696F6E45787072657373696F6E3E0D0A202020203C2F62706D6E3A73657175656E6365466C6F773E0D0A202020203C62706D6E3A73657175656E6365466C6F772069643D22466C6F775F306B37387037322220736F757263655265663D226E323222207461726765745265663D226E3322202F3E0D0A202020203C62706D6E3A656E644576656E742069643D224576656E745F316E6B6E346679223E0D0A2020202020203C62706D6E3A696E636F6D696E673E466C6F775F3071316B7A37723C2F62706D6E3A696E636F6D696E673E0D0A2020202020203C62706D6E3A696E636F6D696E673E466C6F775F30686A6A736B703C2F62706D6E3A696E636F6D696E673E0D0A202020203C2F62706D6E3A656E644576656E743E0D0A202020203C62706D6E3A73657175656E6365466C6F772069643D22466C6F775F3071316B7A37722220736F757263655265663D226E323122207461726765745265663D224576656E745F316E6B6E34667922202F3E0D0A202020203C62706D6E3A73657175656E6365466C6F772069643D22466C6F775F30686A6A736B702220736F757263655265663D226E3322207461726765745265663D224576656E745F316E6B6E34667922202F3E0D0A202020203C62706D6E3A757365725461736B2069643D226E3122206E616D653D22E8AFB7E58187222063616D756E64613A63616E64696461746555736572733D22247B75736572737D222063616D756E64613A63616E64696461746547726F7570733D22247B67726F7570737D223E0D0A2020202020203C62706D6E3A696E636F6D696E673E466C6F775F3166343137686B3C2F62706D6E3A696E636F6D696E673E0D0A2020202020203C62706D6E3A6F7574676F696E673E466C6F775F30797478786C703C2F62706D6E3A6F7574676F696E673E0D0A2020202020203C62706D6E3A6F7574676F696E673E466C6F775F307073626233623C2F62706D6E3A6F7574676F696E673E0D0A202020203C2F62706D6E3A757365725461736B3E0D0A202020203C62706D6E3A757365725461736B2069643D226E323122206E616D653D2233E5A4A9E4BBA5E4B88B222063616D756E64613A63616E64696461746555736572733D22247B75736572737D222063616D756E64613A63616E64696461746547726F7570733D22247B67726F7570737D223E0D0A2020202020203C62706D6E3A696E636F6D696E673E466C6F775F30797478786C703C2F62706D6E3A696E636F6D696E673E0D0A2020202020203C62706D6E3A6F7574676F696E673E466C6F775F3071316B7A37723C2F62706D6E3A6F7574676F696E673E0D0A202020203C2F62706D6E3A757365725461736B3E0D0A202020203C62706D6E3A757365725461736B2069643D226E323222206E616D653D2233E5A4A9E58F8AE4BBA5E4B88A222063616D756E64613A63616E64696461746555736572733D22247B75736572737D222063616D756E64613A63616E64696461746547726F7570733D22247B67726F7570737D223E0D0A2020202020203C62706D6E3A696E636F6D696E673E466C6F775F307073626233623C2F62706D6E3A696E636F6D696E673E0D0A2020202020203C62706D6E3A6F7574676F696E673E466C6F775F306B37387037323C2F62706D6E3A6F7574676F696E673E0D0A202020203C2F62706D6E3A757365725461736B3E0D0A202020203C62706D6E3A757365725461736B2069643D226E3322206E616D653D22E9A286E5AFBCE5AEA1E689B9222063616D756E64613A63616E64696461746555736572733D22247B75736572737D222063616D756E64613A63616E64696461746547726F7570733D22247B67726F7570737D223E0D0A2020202020203C62706D6E3A696E636F6D696E673E466C6F775F306B37387037323C2F62706D6E3A696E636F6D696E673E0D0A2020202020203C62706D6E3A6F7574676F696E673E466C6F775F30686A6A736B703C2F62706D6E3A6F7574676F696E673E0D0A202020203C2F62706D6E3A757365725461736B3E0D0A20203C2F62706D6E3A70726F636573733E0D0A20203C62706D6E64693A42504D4E4469616772616D2069643D2242504D4E4469616772616D5F31223E0D0A202020203C62706D6E64693A42504D4E506C616E652069643D2242504D4E506C616E655F31222062706D6E456C656D656E743D2271696E676A6961223E0D0A2020202020203C62706D6E64693A42504D4E53686170652069643D225F42504D4E53686170655F53746172744576656E745F32222062706D6E456C656D656E743D2253746172744576656E745F31223E0D0A20202020202020203C64633A426F756E647320783D223339322220793D22323732222077696474683D22333622206865696768743D22333622202F3E0D0A2020202020203C2F62706D6E64693A42504D4E53686170653E0D0A2020202020203C62706D6E64693A42504D4E53686170652069643D224576656E745F316E6B6E3466795F6469222062706D6E456C656D656E743D224576656E745F316E6B6E346679223E0D0A20202020202020203C64633A426F756E647320783D223833322220793D22323732222077696474683D22333622206865696768743D22333622202F3E0D0A2020202020203C2F62706D6E64693A42504D4E53686170653E0D0A2020202020203C62706D6E64693A42504D4E53686170652069643D2241637469766974795F307A376670616F5F6469222062706D6E456C656D656E743D226E31223E0D0A20202020202020203C64633A426F756E647320783D223438302220793D22323530222077696474683D2231303022206865696768743D22383022202F3E0D0A2020202020203C2F62706D6E64693A42504D4E53686170653E0D0A2020202020203C62706D6E64693A42504D4E53686170652069643D2241637469766974795F30676B657671615F6469222062706D6E456C656D656E743D226E3231223E0D0A20202020202020203C64633A426F756E647320783D223634302220793D22323530222077696474683D2231303022206865696768743D22383022202F3E0D0A20202020202020203C62706D6E64693A42504D4E4C6162656C202F3E0D0A2020202020203C2F62706D6E64693A42504D4E53686170653E0D0A2020202020203C62706D6E64693A42504D4E53686170652069643D2241637469766974795F306E6C696E65695F6469222062706D6E456C656D656E743D226E3232223E0D0A20202020202020203C64633A426F756E647320783D223634302220793D22333630222077696474683D2231303022206865696768743D22383022202F3E0D0A20202020202020203C62706D6E64693A42504D4E4C6162656C202F3E0D0A2020202020203C2F62706D6E64693A42504D4E53686170653E0D0A2020202020203C62706D6E64693A42504D4E53686170652069643D2241637469766974795F313830676439745F6469222062706D6E456C656D656E743D226E33223E0D0A20202020202020203C64633A426F756E647320783D223830302220793D22333630222077696474683D2231303022206865696768743D22383022202F3E0D0A20202020202020203C62706D6E64693A42504D4E4C6162656C202F3E0D0A2020202020203C2F62706D6E64693A42504D4E53686170653E0D0A2020202020203C62706D6E64693A42504D4E456467652069643D22466C6F775F3166343137686B5F6469222062706D6E456C656D656E743D22466C6F775F3166343137686B223E0D0A20202020202020203C64693A776179706F696E7420783D223432382220793D2232393022202F3E0D0A20202020202020203C64693A776179706F696E7420783D223438302220793D2232393022202F3E0D0A2020202020203C2F62706D6E64693A42504D4E456467653E0D0A2020202020203C62706D6E64693A42504D4E456467652069643D22466C6F775F30797478786C705F6469222062706D6E456C656D656E743D22466C6F775F30797478786C70223E0D0A20202020202020203C64693A776179706F696E7420783D223538302220793D2232393022202F3E0D0A20202020202020203C64693A776179706F696E7420783D223634302220793D2232393022202F3E0D0A2020202020203C2F62706D6E64693A42504D4E456467653E0D0A2020202020203C62706D6E64693A42504D4E456467652069643D22466C6F775F307073626233625F6469222062706D6E456C656D656E743D22466C6F775F30707362623362223E0D0A20202020202020203C64693A776179706F696E7420783D223538302220793D2232393022202F3E0D0A20202020202020203C64693A776179706F696E7420783D223631302220793D2232393022202F3E0D0A20202020202020203C64693A776179706F696E7420783D223631302220793D2234303022202F3E0D0A20202020202020203C64693A776179706F696E7420783D223634302220793D2234303022202F3E0D0A2020202020203C2F62706D6E64693A42504D4E456467653E0D0A2020202020203C62706D6E64693A42504D4E456467652069643D22466C6F775F306B37387037325F6469222062706D6E456C656D656E743D22466C6F775F306B3738703732223E0D0A20202020202020203C64693A776179706F696E7420783D223734302220793D2234303022202F3E0D0A20202020202020203C64693A776179706F696E7420783D223830302220793D2234303022202F3E0D0A2020202020203C2F62706D6E64693A42504D4E456467653E0D0A2020202020203C62706D6E64693A42504D4E456467652069643D22466C6F775F3071316B7A37725F6469222062706D6E456C656D656E743D22466C6F775F3071316B7A3772223E0D0A20202020202020203C64693A776179706F696E7420783D223734302220793D2232393022202F3E0D0A20202020202020203C64693A776179706F696E7420783D223833322220793D2232393022202F3E0D0A2020202020203C2F62706D6E64693A42504D4E456467653E0D0A2020202020203C62706D6E64693A42504D4E456467652069643D22466C6F775F30686A6A736B705F6469222062706D6E456C656D656E743D22466C6F775F30686A6A736B70223E0D0A20202020202020203C64693A776179706F696E7420783D223835302220793D2233363022202F3E0D0A20202020202020203C64693A776179706F696E7420783D223835302220793D2233303822202F3E0D0A2020202020203C2F62706D6E64693A42504D4E456467653E0D0A202020203C2F62706D6E64693A42504D4E506C616E653E0D0A20203C2F62706D6E64693A42504D4E4469616772616D3E0D0A3C2F62706D6E3A646566696E6974696F6E733E0D0A, 0, NULL, 1, '2026-02-11 16:55:04', NULL, NULL);

-- ----------------------------
-- Table structure for act_ge_property
-- ----------------------------
DROP TABLE IF EXISTS `act_ge_property`;
CREATE TABLE `act_ge_property`  (
  `NAME_` varchar(64) CHARACTER SET utf8 COLLATE utf8_bin NOT NULL,
  `VALUE_` varchar(300) CHARACTER SET utf8 COLLATE utf8_bin NULL DEFAULT NULL,
  `REV_` int(11) NULL DEFAULT NULL,
  PRIMARY KEY (`NAME_`) USING BTREE
) ENGINE = InnoDB CHARACTER SET = utf8 COLLATE = utf8_bin ROW_FORMAT = Dynamic;

-- ----------------------------
-- Records of act_ge_property
-- ----------------------------
INSERT INTO `act_ge_property` VALUES ('camunda.installation.id', '09657fba-ae32-4cf2-91cd-33635592fe01', 1);
INSERT INTO `act_ge_property` VALUES ('camunda.telemetry.enabled', 'null', 1);
INSERT INTO `act_ge_property` VALUES ('deployment.lock', '0', 1);
INSERT INTO `act_ge_property` VALUES ('history.cleanup.job.lock', '0', 1);
INSERT INTO `act_ge_property` VALUES ('historyLevel', '3', 1);
INSERT INTO `act_ge_property` VALUES ('installationId.lock', '0', 1);
INSERT INTO `act_ge_property` VALUES ('next.dbid', '1', 1);
INSERT INTO `act_ge_property` VALUES ('schema.history', 'create(fox)', 1);
INSERT INTO `act_ge_property` VALUES ('schema.version', 'fox', 1);
INSERT INTO `act_ge_property` VALUES ('startup.lock', '0', 1);
INSERT INTO `act_ge_property` VALUES ('telemetry.lock', '0', 1);

-- ----------------------------
-- Table structure for act_ge_schema_log
-- ----------------------------
DROP TABLE IF EXISTS `act_ge_schema_log`;
CREATE TABLE `act_ge_schema_log`  (
  `ID_` varchar(64) CHARACTER SET utf8 COLLATE utf8_bin NOT NULL,
  `TIMESTAMP_` datetime NULL DEFAULT NULL,
  `VERSION_` varchar(255) CHARACTER SET utf8 COLLATE utf8_bin NULL DEFAULT NULL,
  PRIMARY KEY (`ID_`) USING BTREE
) ENGINE = InnoDB CHARACTER SET = utf8 COLLATE = utf8_bin ROW_FORMAT = Dynamic;

-- ----------------------------
-- Records of act_ge_schema_log
-- ----------------------------
INSERT INTO `act_ge_schema_log` VALUES ('0', '2026-02-11 16:49:57', '7.16.0');

-- ----------------------------
-- Table structure for act_hi_actinst
-- ----------------------------
DROP TABLE IF EXISTS `act_hi_actinst`;
CREATE TABLE `act_hi_actinst`  (
  `ID_` varchar(64) CHARACTER SET utf8 COLLATE utf8_bin NOT NULL,
  `PARENT_ACT_INST_ID_` varchar(64) CHARACTER SET utf8 COLLATE utf8_bin NULL DEFAULT NULL,
  `PROC_DEF_KEY_` varchar(255) CHARACTER SET utf8 COLLATE utf8_bin NULL DEFAULT NULL,
  `PROC_DEF_ID_` varchar(64) CHARACTER SET utf8 COLLATE utf8_bin NOT NULL,
  `ROOT_PROC_INST_ID_` varchar(64) CHARACTER SET utf8 COLLATE utf8_bin NULL DEFAULT NULL,
  `PROC_INST_ID_` varchar(64) CHARACTER SET utf8 COLLATE utf8_bin NOT NULL,
  `EXECUTION_ID_` varchar(64) CHARACTER SET utf8 COLLATE utf8_bin NOT NULL,
  `ACT_ID_` varchar(255) CHARACTER SET utf8 COLLATE utf8_bin NOT NULL,
  `TASK_ID_` varchar(64) CHARACTER SET utf8 COLLATE utf8_bin NULL DEFAULT NULL,
  `CALL_PROC_INST_ID_` varchar(64) CHARACTER SET utf8 COLLATE utf8_bin NULL DEFAULT NULL,
  `CALL_CASE_INST_ID_` varchar(64) CHARACTER SET utf8 COLLATE utf8_bin NULL DEFAULT NULL,
  `ACT_NAME_` varchar(255) CHARACTER SET utf8 COLLATE utf8_bin NULL DEFAULT NULL,
  `ACT_TYPE_` varchar(255) CHARACTER SET utf8 COLLATE utf8_bin NOT NULL,
  `ASSIGNEE_` varchar(255) CHARACTER SET utf8 COLLATE utf8_bin NULL DEFAULT NULL,
  `START_TIME_` datetime NOT NULL,
  `END_TIME_` datetime NULL DEFAULT NULL,
  `DURATION_` bigint(20) NULL DEFAULT NULL,
  `ACT_INST_STATE_` int(11) NULL DEFAULT NULL,
  `SEQUENCE_COUNTER_` bigint(20) NULL DEFAULT NULL,
  `TENANT_ID_` varchar(64) CHARACTER SET utf8 COLLATE utf8_bin NULL DEFAULT NULL,
  `REMOVAL_TIME_` datetime NULL DEFAULT NULL,
  PRIMARY KEY (`ID_`) USING BTREE,
  INDEX `ACT_IDX_HI_ACTINST_ROOT_PI`(`ROOT_PROC_INST_ID_`) USING BTREE,
  INDEX `ACT_IDX_HI_ACT_INST_START_END`(`START_TIME_`, `END_TIME_`) USING BTREE,
  INDEX `ACT_IDX_HI_ACT_INST_END`(`END_TIME_`) USING BTREE,
  INDEX `ACT_IDX_HI_ACT_INST_PROCINST`(`PROC_INST_ID_`, `ACT_ID_`) USING BTREE,
  INDEX `ACT_IDX_HI_ACT_INST_COMP`(`EXECUTION_ID_`, `ACT_ID_`, `END_TIME_`, `ID_`) USING BTREE,
  INDEX `ACT_IDX_HI_ACT_INST_STATS`(`PROC_DEF_ID_`, `PROC_INST_ID_`, `ACT_ID_`, `END_TIME_`, `ACT_INST_STATE_`) USING BTREE,
  INDEX `ACT_IDX_HI_ACT_INST_TENANT_ID`(`TENANT_ID_`) USING BTREE,
  INDEX `ACT_IDX_HI_ACT_INST_PROC_DEF_KEY`(`PROC_DEF_KEY_`) USING BTREE,
  INDEX `ACT_IDX_HI_AI_PDEFID_END_TIME`(`PROC_DEF_ID_`, `END_TIME_`) USING BTREE,
  INDEX `ACT_IDX_HI_ACT_INST_RM_TIME`(`REMOVAL_TIME_`) USING BTREE
) ENGINE = InnoDB CHARACTER SET = utf8 COLLATE = utf8_bin ROW_FORMAT = Dynamic;

-- ----------------------------
-- Records of act_hi_actinst
-- ----------------------------

-- ----------------------------
-- Table structure for act_hi_attachment
-- ----------------------------
DROP TABLE IF EXISTS `act_hi_attachment`;
CREATE TABLE `act_hi_attachment`  (
  `ID_` varchar(64) CHARACTER SET utf8 COLLATE utf8_bin NOT NULL,
  `REV_` int(11) NULL DEFAULT NULL,
  `USER_ID_` varchar(255) CHARACTER SET utf8 COLLATE utf8_bin NULL DEFAULT NULL,
  `NAME_` varchar(255) CHARACTER SET utf8 COLLATE utf8_bin NULL DEFAULT NULL,
  `DESCRIPTION_` varchar(4000) CHARACTER SET utf8 COLLATE utf8_bin NULL DEFAULT NULL,
  `TYPE_` varchar(255) CHARACTER SET utf8 COLLATE utf8_bin NULL DEFAULT NULL,
  `TASK_ID_` varchar(64) CHARACTER SET utf8 COLLATE utf8_bin NULL DEFAULT NULL,
  `ROOT_PROC_INST_ID_` varchar(64) CHARACTER SET utf8 COLLATE utf8_bin NULL DEFAULT NULL,
  `PROC_INST_ID_` varchar(64) CHARACTER SET utf8 COLLATE utf8_bin NULL DEFAULT NULL,
  `URL_` varchar(4000) CHARACTER SET utf8 COLLATE utf8_bin NULL DEFAULT NULL,
  `CONTENT_ID_` varchar(64) CHARACTER SET utf8 COLLATE utf8_bin NULL DEFAULT NULL,
  `TENANT_ID_` varchar(64) CHARACTER SET utf8 COLLATE utf8_bin NULL DEFAULT NULL,
  `CREATE_TIME_` datetime NULL DEFAULT NULL,
  `REMOVAL_TIME_` datetime NULL DEFAULT NULL,
  PRIMARY KEY (`ID_`) USING BTREE,
  INDEX `ACT_IDX_HI_ATTACHMENT_CONTENT`(`CONTENT_ID_`) USING BTREE,
  INDEX `ACT_IDX_HI_ATTACHMENT_ROOT_PI`(`ROOT_PROC_INST_ID_`) USING BTREE,
  INDEX `ACT_IDX_HI_ATTACHMENT_PROCINST`(`PROC_INST_ID_`) USING BTREE,
  INDEX `ACT_IDX_HI_ATTACHMENT_TASK`(`TASK_ID_`) USING BTREE,
  INDEX `ACT_IDX_HI_ATTACHMENT_RM_TIME`(`REMOVAL_TIME_`) USING BTREE
) ENGINE = InnoDB CHARACTER SET = utf8 COLLATE = utf8_bin ROW_FORMAT = Dynamic;

-- ----------------------------
-- Records of act_hi_attachment
-- ----------------------------

-- ----------------------------
-- Table structure for act_hi_batch
-- ----------------------------
DROP TABLE IF EXISTS `act_hi_batch`;
CREATE TABLE `act_hi_batch`  (
  `ID_` varchar(64) CHARACTER SET utf8 COLLATE utf8_bin NOT NULL,
  `TYPE_` varchar(255) CHARACTER SET utf8 COLLATE utf8_bin NULL DEFAULT NULL,
  `TOTAL_JOBS_` int(11) NULL DEFAULT NULL,
  `JOBS_PER_SEED_` int(11) NULL DEFAULT NULL,
  `INVOCATIONS_PER_JOB_` int(11) NULL DEFAULT NULL,
  `SEED_JOB_DEF_ID_` varchar(64) CHARACTER SET utf8 COLLATE utf8_bin NULL DEFAULT NULL,
  `MONITOR_JOB_DEF_ID_` varchar(64) CHARACTER SET utf8 COLLATE utf8_bin NULL DEFAULT NULL,
  `BATCH_JOB_DEF_ID_` varchar(64) CHARACTER SET utf8 COLLATE utf8_bin NULL DEFAULT NULL,
  `TENANT_ID_` varchar(64) CHARACTER SET utf8 COLLATE utf8_bin NULL DEFAULT NULL,
  `CREATE_USER_ID_` varchar(255) CHARACTER SET utf8 COLLATE utf8_bin NULL DEFAULT NULL,
  `START_TIME_` datetime NOT NULL,
  `END_TIME_` datetime NULL DEFAULT NULL,
  `REMOVAL_TIME_` datetime NULL DEFAULT NULL,
  PRIMARY KEY (`ID_`) USING BTREE,
  INDEX `ACT_HI_BAT_RM_TIME`(`REMOVAL_TIME_`) USING BTREE
) ENGINE = InnoDB CHARACTER SET = utf8 COLLATE = utf8_bin ROW_FORMAT = Dynamic;

-- ----------------------------
-- Records of act_hi_batch
-- ----------------------------

-- ----------------------------
-- Table structure for act_hi_caseactinst
-- ----------------------------
DROP TABLE IF EXISTS `act_hi_caseactinst`;
CREATE TABLE `act_hi_caseactinst`  (
  `ID_` varchar(64) CHARACTER SET utf8 COLLATE utf8_bin NOT NULL,
  `PARENT_ACT_INST_ID_` varchar(64) CHARACTER SET utf8 COLLATE utf8_bin NULL DEFAULT NULL,
  `CASE_DEF_ID_` varchar(64) CHARACTER SET utf8 COLLATE utf8_bin NOT NULL,
  `CASE_INST_ID_` varchar(64) CHARACTER SET utf8 COLLATE utf8_bin NOT NULL,
  `CASE_ACT_ID_` varchar(255) CHARACTER SET utf8 COLLATE utf8_bin NOT NULL,
  `TASK_ID_` varchar(64) CHARACTER SET utf8 COLLATE utf8_bin NULL DEFAULT NULL,
  `CALL_PROC_INST_ID_` varchar(64) CHARACTER SET utf8 COLLATE utf8_bin NULL DEFAULT NULL,
  `CALL_CASE_INST_ID_` varchar(64) CHARACTER SET utf8 COLLATE utf8_bin NULL DEFAULT NULL,
  `CASE_ACT_NAME_` varchar(255) CHARACTER SET utf8 COLLATE utf8_bin NULL DEFAULT NULL,
  `CASE_ACT_TYPE_` varchar(255) CHARACTER SET utf8 COLLATE utf8_bin NULL DEFAULT NULL,
  `CREATE_TIME_` datetime NOT NULL,
  `END_TIME_` datetime NULL DEFAULT NULL,
  `DURATION_` bigint(20) NULL DEFAULT NULL,
  `STATE_` int(11) NULL DEFAULT NULL,
  `REQUIRED_` tinyint(1) NULL DEFAULT NULL,
  `TENANT_ID_` varchar(64) CHARACTER SET utf8 COLLATE utf8_bin NULL DEFAULT NULL,
  PRIMARY KEY (`ID_`) USING BTREE,
  INDEX `ACT_IDX_HI_CAS_A_I_CREATE`(`CREATE_TIME_`) USING BTREE,
  INDEX `ACT_IDX_HI_CAS_A_I_END`(`END_TIME_`) USING BTREE,
  INDEX `ACT_IDX_HI_CAS_A_I_COMP`(`CASE_ACT_ID_`, `END_TIME_`, `ID_`) USING BTREE,
  INDEX `ACT_IDX_HI_CAS_A_I_CASEINST`(`CASE_INST_ID_`, `CASE_ACT_ID_`) USING BTREE,
  INDEX `ACT_IDX_HI_CAS_A_I_TENANT_ID`(`TENANT_ID_`) USING BTREE
) ENGINE = InnoDB CHARACTER SET = utf8 COLLATE = utf8_bin ROW_FORMAT = Dynamic;

-- ----------------------------
-- Records of act_hi_caseactinst
-- ----------------------------

-- ----------------------------
-- Table structure for act_hi_caseinst
-- ----------------------------
DROP TABLE IF EXISTS `act_hi_caseinst`;
CREATE TABLE `act_hi_caseinst`  (
  `ID_` varchar(64) CHARACTER SET utf8 COLLATE utf8_bin NOT NULL,
  `CASE_INST_ID_` varchar(64) CHARACTER SET utf8 COLLATE utf8_bin NOT NULL,
  `BUSINESS_KEY_` varchar(255) CHARACTER SET utf8 COLLATE utf8_bin NULL DEFAULT NULL,
  `CASE_DEF_ID_` varchar(64) CHARACTER SET utf8 COLLATE utf8_bin NOT NULL,
  `CREATE_TIME_` datetime NOT NULL,
  `CLOSE_TIME_` datetime NULL DEFAULT NULL,
  `DURATION_` bigint(20) NULL DEFAULT NULL,
  `STATE_` int(11) NULL DEFAULT NULL,
  `CREATE_USER_ID_` varchar(255) CHARACTER SET utf8 COLLATE utf8_bin NULL DEFAULT NULL,
  `SUPER_CASE_INSTANCE_ID_` varchar(64) CHARACTER SET utf8 COLLATE utf8_bin NULL DEFAULT NULL,
  `SUPER_PROCESS_INSTANCE_ID_` varchar(64) CHARACTER SET utf8 COLLATE utf8_bin NULL DEFAULT NULL,
  `TENANT_ID_` varchar(64) CHARACTER SET utf8 COLLATE utf8_bin NULL DEFAULT NULL,
  PRIMARY KEY (`ID_`) USING BTREE,
  UNIQUE INDEX `CASE_INST_ID_`(`CASE_INST_ID_`) USING BTREE,
  INDEX `ACT_IDX_HI_CAS_I_CLOSE`(`CLOSE_TIME_`) USING BTREE,
  INDEX `ACT_IDX_HI_CAS_I_BUSKEY`(`BUSINESS_KEY_`) USING BTREE,
  INDEX `ACT_IDX_HI_CAS_I_TENANT_ID`(`TENANT_ID_`) USING BTREE
) ENGINE = InnoDB CHARACTER SET = utf8 COLLATE = utf8_bin ROW_FORMAT = Dynamic;

-- ----------------------------
-- Records of act_hi_caseinst
-- ----------------------------

-- ----------------------------
-- Table structure for act_hi_comment
-- ----------------------------
DROP TABLE IF EXISTS `act_hi_comment`;
CREATE TABLE `act_hi_comment`  (
  `ID_` varchar(64) CHARACTER SET utf8 COLLATE utf8_bin NOT NULL,
  `TYPE_` varchar(255) CHARACTER SET utf8 COLLATE utf8_bin NULL DEFAULT NULL,
  `TIME_` datetime NOT NULL,
  `USER_ID_` varchar(255) CHARACTER SET utf8 COLLATE utf8_bin NULL DEFAULT NULL,
  `TASK_ID_` varchar(64) CHARACTER SET utf8 COLLATE utf8_bin NULL DEFAULT NULL,
  `ROOT_PROC_INST_ID_` varchar(64) CHARACTER SET utf8 COLLATE utf8_bin NULL DEFAULT NULL,
  `PROC_INST_ID_` varchar(64) CHARACTER SET utf8 COLLATE utf8_bin NULL DEFAULT NULL,
  `ACTION_` varchar(255) CHARACTER SET utf8 COLLATE utf8_bin NULL DEFAULT NULL,
  `MESSAGE_` varchar(4000) CHARACTER SET utf8 COLLATE utf8_bin NULL DEFAULT NULL,
  `FULL_MSG_` longblob NULL,
  `TENANT_ID_` varchar(64) CHARACTER SET utf8 COLLATE utf8_bin NULL DEFAULT NULL,
  `REMOVAL_TIME_` datetime NULL DEFAULT NULL,
  PRIMARY KEY (`ID_`) USING BTREE,
  INDEX `ACT_IDX_HI_COMMENT_TASK`(`TASK_ID_`) USING BTREE,
  INDEX `ACT_IDX_HI_COMMENT_ROOT_PI`(`ROOT_PROC_INST_ID_`) USING BTREE,
  INDEX `ACT_IDX_HI_COMMENT_PROCINST`(`PROC_INST_ID_`) USING BTREE,
  INDEX `ACT_IDX_HI_COMMENT_RM_TIME`(`REMOVAL_TIME_`) USING BTREE
) ENGINE = InnoDB CHARACTER SET = utf8 COLLATE = utf8_bin ROW_FORMAT = Dynamic;

-- ----------------------------
-- Records of act_hi_comment
-- ----------------------------

-- ----------------------------
-- Table structure for act_hi_dec_in
-- ----------------------------
DROP TABLE IF EXISTS `act_hi_dec_in`;
CREATE TABLE `act_hi_dec_in`  (
  `ID_` varchar(64) CHARACTER SET utf8 COLLATE utf8_bin NOT NULL,
  `DEC_INST_ID_` varchar(64) CHARACTER SET utf8 COLLATE utf8_bin NOT NULL,
  `CLAUSE_ID_` varchar(64) CHARACTER SET utf8 COLLATE utf8_bin NULL DEFAULT NULL,
  `CLAUSE_NAME_` varchar(255) CHARACTER SET utf8 COLLATE utf8_bin NULL DEFAULT NULL,
  `VAR_TYPE_` varchar(100) CHARACTER SET utf8 COLLATE utf8_bin NULL DEFAULT NULL,
  `BYTEARRAY_ID_` varchar(64) CHARACTER SET utf8 COLLATE utf8_bin NULL DEFAULT NULL,
  `DOUBLE_` double NULL DEFAULT NULL,
  `LONG_` bigint(20) NULL DEFAULT NULL,
  `TEXT_` varchar(4000) CHARACTER SET utf8 COLLATE utf8_bin NULL DEFAULT NULL,
  `TEXT2_` varchar(4000) CHARACTER SET utf8 COLLATE utf8_bin NULL DEFAULT NULL,
  `TENANT_ID_` varchar(64) CHARACTER SET utf8 COLLATE utf8_bin NULL DEFAULT NULL,
  `CREATE_TIME_` datetime NULL DEFAULT NULL,
  `ROOT_PROC_INST_ID_` varchar(64) CHARACTER SET utf8 COLLATE utf8_bin NULL DEFAULT NULL,
  `REMOVAL_TIME_` datetime NULL DEFAULT NULL,
  PRIMARY KEY (`ID_`) USING BTREE,
  INDEX `ACT_IDX_HI_DEC_IN_INST`(`DEC_INST_ID_`) USING BTREE,
  INDEX `ACT_IDX_HI_DEC_IN_CLAUSE`(`DEC_INST_ID_`, `CLAUSE_ID_`) USING BTREE,
  INDEX `ACT_IDX_HI_DEC_IN_ROOT_PI`(`ROOT_PROC_INST_ID_`) USING BTREE,
  INDEX `ACT_IDX_HI_DEC_IN_RM_TIME`(`REMOVAL_TIME_`) USING BTREE
) ENGINE = InnoDB CHARACTER SET = utf8 COLLATE = utf8_bin ROW_FORMAT = Dynamic;

-- ----------------------------
-- Records of act_hi_dec_in
-- ----------------------------

-- ----------------------------
-- Table structure for act_hi_dec_out
-- ----------------------------
DROP TABLE IF EXISTS `act_hi_dec_out`;
CREATE TABLE `act_hi_dec_out`  (
  `ID_` varchar(64) CHARACTER SET utf8 COLLATE utf8_bin NOT NULL,
  `DEC_INST_ID_` varchar(64) CHARACTER SET utf8 COLLATE utf8_bin NOT NULL,
  `CLAUSE_ID_` varchar(64) CHARACTER SET utf8 COLLATE utf8_bin NULL DEFAULT NULL,
  `CLAUSE_NAME_` varchar(255) CHARACTER SET utf8 COLLATE utf8_bin NULL DEFAULT NULL,
  `RULE_ID_` varchar(64) CHARACTER SET utf8 COLLATE utf8_bin NULL DEFAULT NULL,
  `RULE_ORDER_` int(11) NULL DEFAULT NULL,
  `VAR_NAME_` varchar(255) CHARACTER SET utf8 COLLATE utf8_bin NULL DEFAULT NULL,
  `VAR_TYPE_` varchar(100) CHARACTER SET utf8 COLLATE utf8_bin NULL DEFAULT NULL,
  `BYTEARRAY_ID_` varchar(64) CHARACTER SET utf8 COLLATE utf8_bin NULL DEFAULT NULL,
  `DOUBLE_` double NULL DEFAULT NULL,
  `LONG_` bigint(20) NULL DEFAULT NULL,
  `TEXT_` varchar(4000) CHARACTER SET utf8 COLLATE utf8_bin NULL DEFAULT NULL,
  `TEXT2_` varchar(4000) CHARACTER SET utf8 COLLATE utf8_bin NULL DEFAULT NULL,
  `TENANT_ID_` varchar(64) CHARACTER SET utf8 COLLATE utf8_bin NULL DEFAULT NULL,
  `CREATE_TIME_` datetime NULL DEFAULT NULL,
  `ROOT_PROC_INST_ID_` varchar(64) CHARACTER SET utf8 COLLATE utf8_bin NULL DEFAULT NULL,
  `REMOVAL_TIME_` datetime NULL DEFAULT NULL,
  PRIMARY KEY (`ID_`) USING BTREE,
  INDEX `ACT_IDX_HI_DEC_OUT_INST`(`DEC_INST_ID_`) USING BTREE,
  INDEX `ACT_IDX_HI_DEC_OUT_RULE`(`RULE_ORDER_`, `CLAUSE_ID_`) USING BTREE,
  INDEX `ACT_IDX_HI_DEC_OUT_ROOT_PI`(`ROOT_PROC_INST_ID_`) USING BTREE,
  INDEX `ACT_IDX_HI_DEC_OUT_RM_TIME`(`REMOVAL_TIME_`) USING BTREE
) ENGINE = InnoDB CHARACTER SET = utf8 COLLATE = utf8_bin ROW_FORMAT = Dynamic;

-- ----------------------------
-- Records of act_hi_dec_out
-- ----------------------------

-- ----------------------------
-- Table structure for act_hi_decinst
-- ----------------------------
DROP TABLE IF EXISTS `act_hi_decinst`;
CREATE TABLE `act_hi_decinst`  (
  `ID_` varchar(64) CHARACTER SET utf8 COLLATE utf8_bin NOT NULL,
  `DEC_DEF_ID_` varchar(64) CHARACTER SET utf8 COLLATE utf8_bin NOT NULL,
  `DEC_DEF_KEY_` varchar(255) CHARACTER SET utf8 COLLATE utf8_bin NOT NULL,
  `DEC_DEF_NAME_` varchar(255) CHARACTER SET utf8 COLLATE utf8_bin NULL DEFAULT NULL,
  `PROC_DEF_KEY_` varchar(255) CHARACTER SET utf8 COLLATE utf8_bin NULL DEFAULT NULL,
  `PROC_DEF_ID_` varchar(64) CHARACTER SET utf8 COLLATE utf8_bin NULL DEFAULT NULL,
  `PROC_INST_ID_` varchar(64) CHARACTER SET utf8 COLLATE utf8_bin NULL DEFAULT NULL,
  `CASE_DEF_KEY_` varchar(255) CHARACTER SET utf8 COLLATE utf8_bin NULL DEFAULT NULL,
  `CASE_DEF_ID_` varchar(64) CHARACTER SET utf8 COLLATE utf8_bin NULL DEFAULT NULL,
  `CASE_INST_ID_` varchar(64) CHARACTER SET utf8 COLLATE utf8_bin NULL DEFAULT NULL,
  `ACT_INST_ID_` varchar(64) CHARACTER SET utf8 COLLATE utf8_bin NULL DEFAULT NULL,
  `ACT_ID_` varchar(255) CHARACTER SET utf8 COLLATE utf8_bin NULL DEFAULT NULL,
  `EVAL_TIME_` datetime NOT NULL,
  `REMOVAL_TIME_` datetime NULL DEFAULT NULL,
  `COLLECT_VALUE_` double NULL DEFAULT NULL,
  `USER_ID_` varchar(255) CHARACTER SET utf8 COLLATE utf8_bin NULL DEFAULT NULL,
  `ROOT_DEC_INST_ID_` varchar(64) CHARACTER SET utf8 COLLATE utf8_bin NULL DEFAULT NULL,
  `ROOT_PROC_INST_ID_` varchar(64) CHARACTER SET utf8 COLLATE utf8_bin NULL DEFAULT NULL,
  `DEC_REQ_ID_` varchar(64) CHARACTER SET utf8 COLLATE utf8_bin NULL DEFAULT NULL,
  `DEC_REQ_KEY_` varchar(255) CHARACTER SET utf8 COLLATE utf8_bin NULL DEFAULT NULL,
  `TENANT_ID_` varchar(64) CHARACTER SET utf8 COLLATE utf8_bin NULL DEFAULT NULL,
  PRIMARY KEY (`ID_`) USING BTREE,
  INDEX `ACT_IDX_HI_DEC_INST_ID`(`DEC_DEF_ID_`) USING BTREE,
  INDEX `ACT_IDX_HI_DEC_INST_KEY`(`DEC_DEF_KEY_`) USING BTREE,
  INDEX `ACT_IDX_HI_DEC_INST_PI`(`PROC_INST_ID_`) USING BTREE,
  INDEX `ACT_IDX_HI_DEC_INST_CI`(`CASE_INST_ID_`) USING BTREE,
  INDEX `ACT_IDX_HI_DEC_INST_ACT`(`ACT_ID_`) USING BTREE,
  INDEX `ACT_IDX_HI_DEC_INST_ACT_INST`(`ACT_INST_ID_`) USING BTREE,
  INDEX `ACT_IDX_HI_DEC_INST_TIME`(`EVAL_TIME_`) USING BTREE,
  INDEX `ACT_IDX_HI_DEC_INST_TENANT_ID`(`TENANT_ID_`) USING BTREE,
  INDEX `ACT_IDX_HI_DEC_INST_ROOT_ID`(`ROOT_DEC_INST_ID_`) USING BTREE,
  INDEX `ACT_IDX_HI_DEC_INST_REQ_ID`(`DEC_REQ_ID_`) USING BTREE,
  INDEX `ACT_IDX_HI_DEC_INST_REQ_KEY`(`DEC_REQ_KEY_`) USING BTREE,
  INDEX `ACT_IDX_HI_DEC_INST_ROOT_PI`(`ROOT_PROC_INST_ID_`) USING BTREE,
  INDEX `ACT_IDX_HI_DEC_INST_RM_TIME`(`REMOVAL_TIME_`) USING BTREE
) ENGINE = InnoDB CHARACTER SET = utf8 COLLATE = utf8_bin ROW_FORMAT = Dynamic;

-- ----------------------------
-- Records of act_hi_decinst
-- ----------------------------

-- ----------------------------
-- Table structure for act_hi_detail
-- ----------------------------
DROP TABLE IF EXISTS `act_hi_detail`;
CREATE TABLE `act_hi_detail`  (
  `ID_` varchar(64) CHARACTER SET utf8 COLLATE utf8_bin NOT NULL,
  `TYPE_` varchar(255) CHARACTER SET utf8 COLLATE utf8_bin NOT NULL,
  `PROC_DEF_KEY_` varchar(255) CHARACTER SET utf8 COLLATE utf8_bin NULL DEFAULT NULL,
  `PROC_DEF_ID_` varchar(64) CHARACTER SET utf8 COLLATE utf8_bin NULL DEFAULT NULL,
  `ROOT_PROC_INST_ID_` varchar(64) CHARACTER SET utf8 COLLATE utf8_bin NULL DEFAULT NULL,
  `PROC_INST_ID_` varchar(64) CHARACTER SET utf8 COLLATE utf8_bin NULL DEFAULT NULL,
  `EXECUTION_ID_` varchar(64) CHARACTER SET utf8 COLLATE utf8_bin NULL DEFAULT NULL,
  `CASE_DEF_KEY_` varchar(255) CHARACTER SET utf8 COLLATE utf8_bin NULL DEFAULT NULL,
  `CASE_DEF_ID_` varchar(64) CHARACTER SET utf8 COLLATE utf8_bin NULL DEFAULT NULL,
  `CASE_INST_ID_` varchar(64) CHARACTER SET utf8 COLLATE utf8_bin NULL DEFAULT NULL,
  `CASE_EXECUTION_ID_` varchar(64) CHARACTER SET utf8 COLLATE utf8_bin NULL DEFAULT NULL,
  `TASK_ID_` varchar(64) CHARACTER SET utf8 COLLATE utf8_bin NULL DEFAULT NULL,
  `ACT_INST_ID_` varchar(64) CHARACTER SET utf8 COLLATE utf8_bin NULL DEFAULT NULL,
  `VAR_INST_ID_` varchar(64) CHARACTER SET utf8 COLLATE utf8_bin NULL DEFAULT NULL,
  `NAME_` varchar(255) CHARACTER SET utf8 COLLATE utf8_bin NOT NULL,
  `VAR_TYPE_` varchar(255) CHARACTER SET utf8 COLLATE utf8_bin NULL DEFAULT NULL,
  `REV_` int(11) NULL DEFAULT NULL,
  `TIME_` datetime NOT NULL,
  `BYTEARRAY_ID_` varchar(64) CHARACTER SET utf8 COLLATE utf8_bin NULL DEFAULT NULL,
  `DOUBLE_` double NULL DEFAULT NULL,
  `LONG_` bigint(20) NULL DEFAULT NULL,
  `TEXT_` varchar(4000) CHARACTER SET utf8 COLLATE utf8_bin NULL DEFAULT NULL,
  `TEXT2_` varchar(4000) CHARACTER SET utf8 COLLATE utf8_bin NULL DEFAULT NULL,
  `SEQUENCE_COUNTER_` bigint(20) NULL DEFAULT NULL,
  `TENANT_ID_` varchar(64) CHARACTER SET utf8 COLLATE utf8_bin NULL DEFAULT NULL,
  `OPERATION_ID_` varchar(64) CHARACTER SET utf8 COLLATE utf8_bin NULL DEFAULT NULL,
  `REMOVAL_TIME_` datetime NULL DEFAULT NULL,
  `INITIAL_` tinyint(1) NULL DEFAULT NULL,
  PRIMARY KEY (`ID_`) USING BTREE,
  INDEX `ACT_IDX_HI_DETAIL_ROOT_PI`(`ROOT_PROC_INST_ID_`) USING BTREE,
  INDEX `ACT_IDX_HI_DETAIL_PROC_INST`(`PROC_INST_ID_`) USING BTREE,
  INDEX `ACT_IDX_HI_DETAIL_ACT_INST`(`ACT_INST_ID_`) USING BTREE,
  INDEX `ACT_IDX_HI_DETAIL_CASE_INST`(`CASE_INST_ID_`) USING BTREE,
  INDEX `ACT_IDX_HI_DETAIL_CASE_EXEC`(`CASE_EXECUTION_ID_`) USING BTREE,
  INDEX `ACT_IDX_HI_DETAIL_TIME`(`TIME_`) USING BTREE,
  INDEX `ACT_IDX_HI_DETAIL_NAME`(`NAME_`) USING BTREE,
  INDEX `ACT_IDX_HI_DETAIL_TASK_ID`(`TASK_ID_`) USING BTREE,
  INDEX `ACT_IDX_HI_DETAIL_TENANT_ID`(`TENANT_ID_`) USING BTREE,
  INDEX `ACT_IDX_HI_DETAIL_PROC_DEF_KEY`(`PROC_DEF_KEY_`) USING BTREE,
  INDEX `ACT_IDX_HI_DETAIL_BYTEAR`(`BYTEARRAY_ID_`) USING BTREE,
  INDEX `ACT_IDX_HI_DETAIL_RM_TIME`(`REMOVAL_TIME_`) USING BTREE,
  INDEX `ACT_IDX_HI_DETAIL_TASK_BYTEAR`(`BYTEARRAY_ID_`, `TASK_ID_`) USING BTREE,
  INDEX `ACT_IDX_HI_DETAIL_VAR_INST_ID`(`VAR_INST_ID_`) USING BTREE
) ENGINE = InnoDB CHARACTER SET = utf8 COLLATE = utf8_bin ROW_FORMAT = Dynamic;

-- ----------------------------
-- Records of act_hi_detail
-- ----------------------------

-- ----------------------------
-- Table structure for act_hi_ext_task_log
-- ----------------------------
DROP TABLE IF EXISTS `act_hi_ext_task_log`;
CREATE TABLE `act_hi_ext_task_log`  (
  `ID_` varchar(64) CHARACTER SET utf8 COLLATE utf8_bin NOT NULL,
  `TIMESTAMP_` timestamp NOT NULL,
  `EXT_TASK_ID_` varchar(64) CHARACTER SET utf8 COLLATE utf8_bin NOT NULL,
  `RETRIES_` int(11) NULL DEFAULT NULL,
  `TOPIC_NAME_` varchar(255) CHARACTER SET utf8 COLLATE utf8_bin NULL DEFAULT NULL,
  `WORKER_ID_` varchar(255) CHARACTER SET utf8 COLLATE utf8_bin NULL DEFAULT NULL,
  `PRIORITY_` bigint(20) NOT NULL DEFAULT 0,
  `ERROR_MSG_` varchar(4000) CHARACTER SET utf8 COLLATE utf8_bin NULL DEFAULT NULL,
  `ERROR_DETAILS_ID_` varchar(64) CHARACTER SET utf8 COLLATE utf8_bin NULL DEFAULT NULL,
  `ACT_ID_` varchar(255) CHARACTER SET utf8 COLLATE utf8_bin NULL DEFAULT NULL,
  `ACT_INST_ID_` varchar(64) CHARACTER SET utf8 COLLATE utf8_bin NULL DEFAULT NULL,
  `EXECUTION_ID_` varchar(64) CHARACTER SET utf8 COLLATE utf8_bin NULL DEFAULT NULL,
  `ROOT_PROC_INST_ID_` varchar(64) CHARACTER SET utf8 COLLATE utf8_bin NULL DEFAULT NULL,
  `PROC_INST_ID_` varchar(64) CHARACTER SET utf8 COLLATE utf8_bin NULL DEFAULT NULL,
  `PROC_DEF_ID_` varchar(64) CHARACTER SET utf8 COLLATE utf8_bin NULL DEFAULT NULL,
  `PROC_DEF_KEY_` varchar(255) CHARACTER SET utf8 COLLATE utf8_bin NULL DEFAULT NULL,
  `TENANT_ID_` varchar(64) CHARACTER SET utf8 COLLATE utf8_bin NULL DEFAULT NULL,
  `STATE_` int(11) NULL DEFAULT NULL,
  `REV_` int(11) NULL DEFAULT NULL,
  `REMOVAL_TIME_` datetime NULL DEFAULT NULL,
  PRIMARY KEY (`ID_`) USING BTREE,
  INDEX `ACT_HI_EXT_TASK_LOG_ROOT_PI`(`ROOT_PROC_INST_ID_`) USING BTREE,
  INDEX `ACT_HI_EXT_TASK_LOG_PROCINST`(`PROC_INST_ID_`) USING BTREE,
  INDEX `ACT_HI_EXT_TASK_LOG_PROCDEF`(`PROC_DEF_ID_`) USING BTREE,
  INDEX `ACT_HI_EXT_TASK_LOG_PROC_DEF_KEY`(`PROC_DEF_KEY_`) USING BTREE,
  INDEX `ACT_HI_EXT_TASK_LOG_TENANT_ID`(`TENANT_ID_`) USING BTREE,
  INDEX `ACT_IDX_HI_EXTTASKLOG_ERRORDET`(`ERROR_DETAILS_ID_`) USING BTREE,
  INDEX `ACT_HI_EXT_TASK_LOG_RM_TIME`(`REMOVAL_TIME_`) USING BTREE
) ENGINE = InnoDB CHARACTER SET = utf8 COLLATE = utf8_bin ROW_FORMAT = Dynamic;

-- ----------------------------
-- Records of act_hi_ext_task_log
-- ----------------------------

-- ----------------------------
-- Table structure for act_hi_identitylink
-- ----------------------------
DROP TABLE IF EXISTS `act_hi_identitylink`;
CREATE TABLE `act_hi_identitylink`  (
  `ID_` varchar(64) CHARACTER SET utf8 COLLATE utf8_bin NOT NULL,
  `TIMESTAMP_` timestamp NOT NULL,
  `TYPE_` varchar(255) CHARACTER SET utf8 COLLATE utf8_bin NULL DEFAULT NULL,
  `USER_ID_` varchar(255) CHARACTER SET utf8 COLLATE utf8_bin NULL DEFAULT NULL,
  `GROUP_ID_` varchar(255) CHARACTER SET utf8 COLLATE utf8_bin NULL DEFAULT NULL,
  `TASK_ID_` varchar(64) CHARACTER SET utf8 COLLATE utf8_bin NULL DEFAULT NULL,
  `ROOT_PROC_INST_ID_` varchar(64) CHARACTER SET utf8 COLLATE utf8_bin NULL DEFAULT NULL,
  `PROC_DEF_ID_` varchar(64) CHARACTER SET utf8 COLLATE utf8_bin NULL DEFAULT NULL,
  `OPERATION_TYPE_` varchar(64) CHARACTER SET utf8 COLLATE utf8_bin NULL DEFAULT NULL,
  `ASSIGNER_ID_` varchar(64) CHARACTER SET utf8 COLLATE utf8_bin NULL DEFAULT NULL,
  `PROC_DEF_KEY_` varchar(255) CHARACTER SET utf8 COLLATE utf8_bin NULL DEFAULT NULL,
  `TENANT_ID_` varchar(64) CHARACTER SET utf8 COLLATE utf8_bin NULL DEFAULT NULL,
  `REMOVAL_TIME_` datetime NULL DEFAULT NULL,
  PRIMARY KEY (`ID_`) USING BTREE,
  INDEX `ACT_IDX_HI_IDENT_LNK_ROOT_PI`(`ROOT_PROC_INST_ID_`) USING BTREE,
  INDEX `ACT_IDX_HI_IDENT_LNK_USER`(`USER_ID_`) USING BTREE,
  INDEX `ACT_IDX_HI_IDENT_LNK_GROUP`(`GROUP_ID_`) USING BTREE,
  INDEX `ACT_IDX_HI_IDENT_LNK_TENANT_ID`(`TENANT_ID_`) USING BTREE,
  INDEX `ACT_IDX_HI_IDENT_LNK_PROC_DEF_KEY`(`PROC_DEF_KEY_`) USING BTREE,
  INDEX `ACT_IDX_HI_IDENT_LINK_TASK`(`TASK_ID_`) USING BTREE,
  INDEX `ACT_IDX_HI_IDENT_LINK_RM_TIME`(`REMOVAL_TIME_`) USING BTREE,
  INDEX `ACT_IDX_HI_IDENT_LNK_TIMESTAMP`(`TIMESTAMP_`) USING BTREE
) ENGINE = InnoDB CHARACTER SET = utf8 COLLATE = utf8_bin ROW_FORMAT = Dynamic;

-- ----------------------------
-- Records of act_hi_identitylink
-- ----------------------------

-- ----------------------------
-- Table structure for act_hi_incident
-- ----------------------------
DROP TABLE IF EXISTS `act_hi_incident`;
CREATE TABLE `act_hi_incident`  (
  `ID_` varchar(64) CHARACTER SET utf8 COLLATE utf8_bin NOT NULL,
  `PROC_DEF_KEY_` varchar(255) CHARACTER SET utf8 COLLATE utf8_bin NULL DEFAULT NULL,
  `PROC_DEF_ID_` varchar(64) CHARACTER SET utf8 COLLATE utf8_bin NULL DEFAULT NULL,
  `ROOT_PROC_INST_ID_` varchar(64) CHARACTER SET utf8 COLLATE utf8_bin NULL DEFAULT NULL,
  `PROC_INST_ID_` varchar(64) CHARACTER SET utf8 COLLATE utf8_bin NULL DEFAULT NULL,
  `EXECUTION_ID_` varchar(64) CHARACTER SET utf8 COLLATE utf8_bin NULL DEFAULT NULL,
  `CREATE_TIME_` timestamp NOT NULL,
  `END_TIME_` timestamp NULL DEFAULT NULL,
  `INCIDENT_MSG_` varchar(4000) CHARACTER SET utf8 COLLATE utf8_bin NULL DEFAULT NULL,
  `INCIDENT_TYPE_` varchar(255) CHARACTER SET utf8 COLLATE utf8_bin NOT NULL,
  `ACTIVITY_ID_` varchar(255) CHARACTER SET utf8 COLLATE utf8_bin NULL DEFAULT NULL,
  `FAILED_ACTIVITY_ID_` varchar(255) CHARACTER SET utf8 COLLATE utf8_bin NULL DEFAULT NULL,
  `CAUSE_INCIDENT_ID_` varchar(64) CHARACTER SET utf8 COLLATE utf8_bin NULL DEFAULT NULL,
  `ROOT_CAUSE_INCIDENT_ID_` varchar(64) CHARACTER SET utf8 COLLATE utf8_bin NULL DEFAULT NULL,
  `CONFIGURATION_` varchar(255) CHARACTER SET utf8 COLLATE utf8_bin NULL DEFAULT NULL,
  `HISTORY_CONFIGURATION_` varchar(255) CHARACTER SET utf8 COLLATE utf8_bin NULL DEFAULT NULL,
  `INCIDENT_STATE_` int(11) NULL DEFAULT NULL,
  `TENANT_ID_` varchar(64) CHARACTER SET utf8 COLLATE utf8_bin NULL DEFAULT NULL,
  `JOB_DEF_ID_` varchar(64) CHARACTER SET utf8 COLLATE utf8_bin NULL DEFAULT NULL,
  `ANNOTATION_` varchar(4000) CHARACTER SET utf8 COLLATE utf8_bin NULL DEFAULT NULL,
  `REMOVAL_TIME_` datetime NULL DEFAULT NULL,
  PRIMARY KEY (`ID_`) USING BTREE,
  INDEX `ACT_IDX_HI_INCIDENT_TENANT_ID`(`TENANT_ID_`) USING BTREE,
  INDEX `ACT_IDX_HI_INCIDENT_PROC_DEF_KEY`(`PROC_DEF_KEY_`) USING BTREE,
  INDEX `ACT_IDX_HI_INCIDENT_ROOT_PI`(`ROOT_PROC_INST_ID_`) USING BTREE,
  INDEX `ACT_IDX_HI_INCIDENT_PROCINST`(`PROC_INST_ID_`) USING BTREE,
  INDEX `ACT_IDX_HI_INCIDENT_RM_TIME`(`REMOVAL_TIME_`) USING BTREE,
  INDEX `ACT_IDX_HI_INCIDENT_CREATE_TIME`(`CREATE_TIME_`) USING BTREE,
  INDEX `ACT_IDX_HI_INCIDENT_END_TIME`(`END_TIME_`) USING BTREE
) ENGINE = InnoDB CHARACTER SET = utf8 COLLATE = utf8_bin ROW_FORMAT = Dynamic;

-- ----------------------------
-- Records of act_hi_incident
-- ----------------------------

-- ----------------------------
-- Table structure for act_hi_job_log
-- ----------------------------
DROP TABLE IF EXISTS `act_hi_job_log`;
CREATE TABLE `act_hi_job_log`  (
  `ID_` varchar(64) CHARACTER SET utf8 COLLATE utf8_bin NOT NULL,
  `TIMESTAMP_` datetime NOT NULL,
  `JOB_ID_` varchar(64) CHARACTER SET utf8 COLLATE utf8_bin NOT NULL,
  `JOB_DUEDATE_` datetime NULL DEFAULT NULL,
  `JOB_RETRIES_` int(11) NULL DEFAULT NULL,
  `JOB_PRIORITY_` bigint(20) NOT NULL DEFAULT 0,
  `JOB_EXCEPTION_MSG_` varchar(4000) CHARACTER SET utf8 COLLATE utf8_bin NULL DEFAULT NULL,
  `JOB_EXCEPTION_STACK_ID_` varchar(64) CHARACTER SET utf8 COLLATE utf8_bin NULL DEFAULT NULL,
  `JOB_STATE_` int(11) NULL DEFAULT NULL,
  `JOB_DEF_ID_` varchar(64) CHARACTER SET utf8 COLLATE utf8_bin NULL DEFAULT NULL,
  `JOB_DEF_TYPE_` varchar(255) CHARACTER SET utf8 COLLATE utf8_bin NULL DEFAULT NULL,
  `JOB_DEF_CONFIGURATION_` varchar(255) CHARACTER SET utf8 COLLATE utf8_bin NULL DEFAULT NULL,
  `ACT_ID_` varchar(255) CHARACTER SET utf8 COLLATE utf8_bin NULL DEFAULT NULL,
  `FAILED_ACT_ID_` varchar(255) CHARACTER SET utf8 COLLATE utf8_bin NULL DEFAULT NULL,
  `EXECUTION_ID_` varchar(64) CHARACTER SET utf8 COLLATE utf8_bin NULL DEFAULT NULL,
  `ROOT_PROC_INST_ID_` varchar(64) CHARACTER SET utf8 COLLATE utf8_bin NULL DEFAULT NULL,
  `PROCESS_INSTANCE_ID_` varchar(64) CHARACTER SET utf8 COLLATE utf8_bin NULL DEFAULT NULL,
  `PROCESS_DEF_ID_` varchar(64) CHARACTER SET utf8 COLLATE utf8_bin NULL DEFAULT NULL,
  `PROCESS_DEF_KEY_` varchar(255) CHARACTER SET utf8 COLLATE utf8_bin NULL DEFAULT NULL,
  `DEPLOYMENT_ID_` varchar(64) CHARACTER SET utf8 COLLATE utf8_bin NULL DEFAULT NULL,
  `SEQUENCE_COUNTER_` bigint(20) NULL DEFAULT NULL,
  `TENANT_ID_` varchar(64) CHARACTER SET utf8 COLLATE utf8_bin NULL DEFAULT NULL,
  `HOSTNAME_` varchar(255) CHARACTER SET utf8 COLLATE utf8_bin NULL DEFAULT NULL,
  `REMOVAL_TIME_` datetime NULL DEFAULT NULL,
  PRIMARY KEY (`ID_`) USING BTREE,
  INDEX `ACT_IDX_HI_JOB_LOG_ROOT_PI`(`ROOT_PROC_INST_ID_`) USING BTREE,
  INDEX `ACT_IDX_HI_JOB_LOG_PROCINST`(`PROCESS_INSTANCE_ID_`) USING BTREE,
  INDEX `ACT_IDX_HI_JOB_LOG_PROCDEF`(`PROCESS_DEF_ID_`) USING BTREE,
  INDEX `ACT_IDX_HI_JOB_LOG_TENANT_ID`(`TENANT_ID_`) USING BTREE,
  INDEX `ACT_IDX_HI_JOB_LOG_JOB_DEF_ID`(`JOB_DEF_ID_`) USING BTREE,
  INDEX `ACT_IDX_HI_JOB_LOG_PROC_DEF_KEY`(`PROCESS_DEF_KEY_`) USING BTREE,
  INDEX `ACT_IDX_HI_JOB_LOG_EX_STACK`(`JOB_EXCEPTION_STACK_ID_`) USING BTREE,
  INDEX `ACT_IDX_HI_JOB_LOG_RM_TIME`(`REMOVAL_TIME_`) USING BTREE,
  INDEX `ACT_IDX_HI_JOB_LOG_JOB_CONF`(`JOB_DEF_CONFIGURATION_`) USING BTREE
) ENGINE = InnoDB CHARACTER SET = utf8 COLLATE = utf8_bin ROW_FORMAT = Dynamic;

-- ----------------------------
-- Records of act_hi_job_log
-- ----------------------------

-- ----------------------------
-- Table structure for act_hi_op_log
-- ----------------------------
DROP TABLE IF EXISTS `act_hi_op_log`;
CREATE TABLE `act_hi_op_log`  (
  `ID_` varchar(64) CHARACTER SET utf8 COLLATE utf8_bin NOT NULL,
  `DEPLOYMENT_ID_` varchar(64) CHARACTER SET utf8 COLLATE utf8_bin NULL DEFAULT NULL,
  `PROC_DEF_ID_` varchar(64) CHARACTER SET utf8 COLLATE utf8_bin NULL DEFAULT NULL,
  `PROC_DEF_KEY_` varchar(255) CHARACTER SET utf8 COLLATE utf8_bin NULL DEFAULT NULL,
  `ROOT_PROC_INST_ID_` varchar(64) CHARACTER SET utf8 COLLATE utf8_bin NULL DEFAULT NULL,
  `PROC_INST_ID_` varchar(64) CHARACTER SET utf8 COLLATE utf8_bin NULL DEFAULT NULL,
  `EXECUTION_ID_` varchar(64) CHARACTER SET utf8 COLLATE utf8_bin NULL DEFAULT NULL,
  `CASE_DEF_ID_` varchar(64) CHARACTER SET utf8 COLLATE utf8_bin NULL DEFAULT NULL,
  `CASE_INST_ID_` varchar(64) CHARACTER SET utf8 COLLATE utf8_bin NULL DEFAULT NULL,
  `CASE_EXECUTION_ID_` varchar(64) CHARACTER SET utf8 COLLATE utf8_bin NULL DEFAULT NULL,
  `TASK_ID_` varchar(64) CHARACTER SET utf8 COLLATE utf8_bin NULL DEFAULT NULL,
  `JOB_ID_` varchar(64) CHARACTER SET utf8 COLLATE utf8_bin NULL DEFAULT NULL,
  `JOB_DEF_ID_` varchar(64) CHARACTER SET utf8 COLLATE utf8_bin NULL DEFAULT NULL,
  `BATCH_ID_` varchar(64) CHARACTER SET utf8 COLLATE utf8_bin NULL DEFAULT NULL,
  `USER_ID_` varchar(255) CHARACTER SET utf8 COLLATE utf8_bin NULL DEFAULT NULL,
  `TIMESTAMP_` timestamp NOT NULL,
  `OPERATION_TYPE_` varchar(64) CHARACTER SET utf8 COLLATE utf8_bin NULL DEFAULT NULL,
  `OPERATION_ID_` varchar(64) CHARACTER SET utf8 COLLATE utf8_bin NULL DEFAULT NULL,
  `ENTITY_TYPE_` varchar(30) CHARACTER SET utf8 COLLATE utf8_bin NULL DEFAULT NULL,
  `PROPERTY_` varchar(64) CHARACTER SET utf8 COLLATE utf8_bin NULL DEFAULT NULL,
  `ORG_VALUE_` varchar(4000) CHARACTER SET utf8 COLLATE utf8_bin NULL DEFAULT NULL,
  `NEW_VALUE_` varchar(4000) CHARACTER SET utf8 COLLATE utf8_bin NULL DEFAULT NULL,
  `TENANT_ID_` varchar(64) CHARACTER SET utf8 COLLATE utf8_bin NULL DEFAULT NULL,
  `REMOVAL_TIME_` datetime NULL DEFAULT NULL,
  `CATEGORY_` varchar(64) CHARACTER SET utf8 COLLATE utf8_bin NULL DEFAULT NULL,
  `EXTERNAL_TASK_ID_` varchar(64) CHARACTER SET utf8 COLLATE utf8_bin NULL DEFAULT NULL,
  `ANNOTATION_` varchar(4000) CHARACTER SET utf8 COLLATE utf8_bin NULL DEFAULT NULL,
  PRIMARY KEY (`ID_`) USING BTREE,
  INDEX `ACT_IDX_HI_OP_LOG_ROOT_PI`(`ROOT_PROC_INST_ID_`) USING BTREE,
  INDEX `ACT_IDX_HI_OP_LOG_PROCINST`(`PROC_INST_ID_`) USING BTREE,
  INDEX `ACT_IDX_HI_OP_LOG_PROCDEF`(`PROC_DEF_ID_`) USING BTREE,
  INDEX `ACT_IDX_HI_OP_LOG_TASK`(`TASK_ID_`) USING BTREE,
  INDEX `ACT_IDX_HI_OP_LOG_RM_TIME`(`REMOVAL_TIME_`) USING BTREE,
  INDEX `ACT_IDX_HI_OP_LOG_TIMESTAMP`(`TIMESTAMP_`) USING BTREE,
  INDEX `ACT_IDX_HI_OP_LOG_USER_ID`(`USER_ID_`) USING BTREE,
  INDEX `ACT_IDX_HI_OP_LOG_OP_TYPE`(`OPERATION_TYPE_`) USING BTREE,
  INDEX `ACT_IDX_HI_OP_LOG_ENTITY_TYPE`(`ENTITY_TYPE_`) USING BTREE
) ENGINE = InnoDB CHARACTER SET = utf8 COLLATE = utf8_bin ROW_FORMAT = Dynamic;

-- ----------------------------
-- Records of act_hi_op_log
-- ----------------------------

-- ----------------------------
-- Table structure for act_hi_procinst
-- ----------------------------
DROP TABLE IF EXISTS `act_hi_procinst`;
CREATE TABLE `act_hi_procinst`  (
  `ID_` varchar(64) CHARACTER SET utf8 COLLATE utf8_bin NOT NULL,
  `PROC_INST_ID_` varchar(64) CHARACTER SET utf8 COLLATE utf8_bin NOT NULL,
  `BUSINESS_KEY_` varchar(255) CHARACTER SET utf8 COLLATE utf8_bin NULL DEFAULT NULL,
  `PROC_DEF_KEY_` varchar(255) CHARACTER SET utf8 COLLATE utf8_bin NULL DEFAULT NULL,
  `PROC_DEF_ID_` varchar(64) CHARACTER SET utf8 COLLATE utf8_bin NOT NULL,
  `START_TIME_` datetime NOT NULL,
  `END_TIME_` datetime NULL DEFAULT NULL,
  `REMOVAL_TIME_` datetime NULL DEFAULT NULL,
  `DURATION_` bigint(20) NULL DEFAULT NULL,
  `START_USER_ID_` varchar(255) CHARACTER SET utf8 COLLATE utf8_bin NULL DEFAULT NULL,
  `START_ACT_ID_` varchar(255) CHARACTER SET utf8 COLLATE utf8_bin NULL DEFAULT NULL,
  `END_ACT_ID_` varchar(255) CHARACTER SET utf8 COLLATE utf8_bin NULL DEFAULT NULL,
  `SUPER_PROCESS_INSTANCE_ID_` varchar(64) CHARACTER SET utf8 COLLATE utf8_bin NULL DEFAULT NULL,
  `ROOT_PROC_INST_ID_` varchar(64) CHARACTER SET utf8 COLLATE utf8_bin NULL DEFAULT NULL,
  `SUPER_CASE_INSTANCE_ID_` varchar(64) CHARACTER SET utf8 COLLATE utf8_bin NULL DEFAULT NULL,
  `CASE_INST_ID_` varchar(64) CHARACTER SET utf8 COLLATE utf8_bin NULL DEFAULT NULL,
  `DELETE_REASON_` varchar(4000) CHARACTER SET utf8 COLLATE utf8_bin NULL DEFAULT NULL,
  `TENANT_ID_` varchar(64) CHARACTER SET utf8 COLLATE utf8_bin NULL DEFAULT NULL,
  `STATE_` varchar(255) CHARACTER SET utf8 COLLATE utf8_bin NULL DEFAULT NULL,
  PRIMARY KEY (`ID_`) USING BTREE,
  UNIQUE INDEX `PROC_INST_ID_`(`PROC_INST_ID_`) USING BTREE,
  INDEX `ACT_IDX_HI_PRO_INST_END`(`END_TIME_`) USING BTREE,
  INDEX `ACT_IDX_HI_PRO_I_BUSKEY`(`BUSINESS_KEY_`) USING BTREE,
  INDEX `ACT_IDX_HI_PRO_INST_TENANT_ID`(`TENANT_ID_`) USING BTREE,
  INDEX `ACT_IDX_HI_PRO_INST_PROC_DEF_KEY`(`PROC_DEF_KEY_`) USING BTREE,
  INDEX `ACT_IDX_HI_PRO_INST_PROC_TIME`(`START_TIME_`, `END_TIME_`) USING BTREE,
  INDEX `ACT_IDX_HI_PI_PDEFID_END_TIME`(`PROC_DEF_ID_`, `END_TIME_`) USING BTREE,
  INDEX `ACT_IDX_HI_PRO_INST_ROOT_PI`(`ROOT_PROC_INST_ID_`) USING BTREE,
  INDEX `ACT_IDX_HI_PRO_INST_RM_TIME`(`REMOVAL_TIME_`) USING BTREE
) ENGINE = InnoDB CHARACTER SET = utf8 COLLATE = utf8_bin ROW_FORMAT = Dynamic;

-- ----------------------------
-- Records of act_hi_procinst
-- ----------------------------

-- ----------------------------
-- Table structure for act_hi_taskinst
-- ----------------------------
DROP TABLE IF EXISTS `act_hi_taskinst`;
CREATE TABLE `act_hi_taskinst`  (
  `ID_` varchar(64) CHARACTER SET utf8 COLLATE utf8_bin NOT NULL,
  `TASK_DEF_KEY_` varchar(255) CHARACTER SET utf8 COLLATE utf8_bin NULL DEFAULT NULL,
  `PROC_DEF_KEY_` varchar(255) CHARACTER SET utf8 COLLATE utf8_bin NULL DEFAULT NULL,
  `PROC_DEF_ID_` varchar(64) CHARACTER SET utf8 COLLATE utf8_bin NULL DEFAULT NULL,
  `ROOT_PROC_INST_ID_` varchar(64) CHARACTER SET utf8 COLLATE utf8_bin NULL DEFAULT NULL,
  `PROC_INST_ID_` varchar(64) CHARACTER SET utf8 COLLATE utf8_bin NULL DEFAULT NULL,
  `EXECUTION_ID_` varchar(64) CHARACTER SET utf8 COLLATE utf8_bin NULL DEFAULT NULL,
  `CASE_DEF_KEY_` varchar(255) CHARACTER SET utf8 COLLATE utf8_bin NULL DEFAULT NULL,
  `CASE_DEF_ID_` varchar(64) CHARACTER SET utf8 COLLATE utf8_bin NULL DEFAULT NULL,
  `CASE_INST_ID_` varchar(64) CHARACTER SET utf8 COLLATE utf8_bin NULL DEFAULT NULL,
  `CASE_EXECUTION_ID_` varchar(64) CHARACTER SET utf8 COLLATE utf8_bin NULL DEFAULT NULL,
  `ACT_INST_ID_` varchar(64) CHARACTER SET utf8 COLLATE utf8_bin NULL DEFAULT NULL,
  `NAME_` varchar(255) CHARACTER SET utf8 COLLATE utf8_bin NULL DEFAULT NULL,
  `PARENT_TASK_ID_` varchar(64) CHARACTER SET utf8 COLLATE utf8_bin NULL DEFAULT NULL,
  `DESCRIPTION_` varchar(4000) CHARACTER SET utf8 COLLATE utf8_bin NULL DEFAULT NULL,
  `OWNER_` varchar(255) CHARACTER SET utf8 COLLATE utf8_bin NULL DEFAULT NULL,
  `ASSIGNEE_` varchar(255) CHARACTER SET utf8 COLLATE utf8_bin NULL DEFAULT NULL,
  `START_TIME_` datetime NOT NULL,
  `END_TIME_` datetime NULL DEFAULT NULL,
  `DURATION_` bigint(20) NULL DEFAULT NULL,
  `DELETE_REASON_` varchar(4000) CHARACTER SET utf8 COLLATE utf8_bin NULL DEFAULT NULL,
  `PRIORITY_` int(11) NULL DEFAULT NULL,
  `DUE_DATE_` datetime NULL DEFAULT NULL,
  `FOLLOW_UP_DATE_` datetime NULL DEFAULT NULL,
  `TENANT_ID_` varchar(64) CHARACTER SET utf8 COLLATE utf8_bin NULL DEFAULT NULL,
  `REMOVAL_TIME_` datetime NULL DEFAULT NULL,
  PRIMARY KEY (`ID_`) USING BTREE,
  INDEX `ACT_IDX_HI_TASKINST_ROOT_PI`(`ROOT_PROC_INST_ID_`) USING BTREE,
  INDEX `ACT_IDX_HI_TASK_INST_TENANT_ID`(`TENANT_ID_`) USING BTREE,
  INDEX `ACT_IDX_HI_TASK_INST_PROC_DEF_KEY`(`PROC_DEF_KEY_`) USING BTREE,
  INDEX `ACT_IDX_HI_TASKINST_PROCINST`(`PROC_INST_ID_`) USING BTREE,
  INDEX `ACT_IDX_HI_TASKINSTID_PROCINST`(`ID_`, `PROC_INST_ID_`) USING BTREE,
  INDEX `ACT_IDX_HI_TASK_INST_RM_TIME`(`REMOVAL_TIME_`) USING BTREE,
  INDEX `ACT_IDX_HI_TASK_INST_START`(`START_TIME_`) USING BTREE,
  INDEX `ACT_IDX_HI_TASK_INST_END`(`END_TIME_`) USING BTREE
) ENGINE = InnoDB CHARACTER SET = utf8 COLLATE = utf8_bin ROW_FORMAT = Dynamic;

-- ----------------------------
-- Records of act_hi_taskinst
-- ----------------------------

-- ----------------------------
-- Table structure for act_hi_varinst
-- ----------------------------
DROP TABLE IF EXISTS `act_hi_varinst`;
CREATE TABLE `act_hi_varinst`  (
  `ID_` varchar(64) CHARACTER SET utf8 COLLATE utf8_bin NOT NULL,
  `PROC_DEF_KEY_` varchar(255) CHARACTER SET utf8 COLLATE utf8_bin NULL DEFAULT NULL,
  `PROC_DEF_ID_` varchar(64) CHARACTER SET utf8 COLLATE utf8_bin NULL DEFAULT NULL,
  `ROOT_PROC_INST_ID_` varchar(64) CHARACTER SET utf8 COLLATE utf8_bin NULL DEFAULT NULL,
  `PROC_INST_ID_` varchar(64) CHARACTER SET utf8 COLLATE utf8_bin NULL DEFAULT NULL,
  `EXECUTION_ID_` varchar(64) CHARACTER SET utf8 COLLATE utf8_bin NULL DEFAULT NULL,
  `ACT_INST_ID_` varchar(64) CHARACTER SET utf8 COLLATE utf8_bin NULL DEFAULT NULL,
  `CASE_DEF_KEY_` varchar(255) CHARACTER SET utf8 COLLATE utf8_bin NULL DEFAULT NULL,
  `CASE_DEF_ID_` varchar(64) CHARACTER SET utf8 COLLATE utf8_bin NULL DEFAULT NULL,
  `CASE_INST_ID_` varchar(64) CHARACTER SET utf8 COLLATE utf8_bin NULL DEFAULT NULL,
  `CASE_EXECUTION_ID_` varchar(64) CHARACTER SET utf8 COLLATE utf8_bin NULL DEFAULT NULL,
  `TASK_ID_` varchar(64) CHARACTER SET utf8 COLLATE utf8_bin NULL DEFAULT NULL,
  `NAME_` varchar(255) CHARACTER SET utf8 COLLATE utf8_bin NOT NULL,
  `VAR_TYPE_` varchar(100) CHARACTER SET utf8 COLLATE utf8_bin NULL DEFAULT NULL,
  `CREATE_TIME_` datetime NULL DEFAULT NULL,
  `REV_` int(11) NULL DEFAULT NULL,
  `BYTEARRAY_ID_` varchar(64) CHARACTER SET utf8 COLLATE utf8_bin NULL DEFAULT NULL,
  `DOUBLE_` double NULL DEFAULT NULL,
  `LONG_` bigint(20) NULL DEFAULT NULL,
  `TEXT_` varchar(4000) CHARACTER SET utf8 COLLATE utf8_bin NULL DEFAULT NULL,
  `TEXT2_` varchar(4000) CHARACTER SET utf8 COLLATE utf8_bin NULL DEFAULT NULL,
  `TENANT_ID_` varchar(64) CHARACTER SET utf8 COLLATE utf8_bin NULL DEFAULT NULL,
  `STATE_` varchar(20) CHARACTER SET utf8 COLLATE utf8_bin NULL DEFAULT NULL,
  `REMOVAL_TIME_` datetime NULL DEFAULT NULL,
  PRIMARY KEY (`ID_`) USING BTREE,
  INDEX `ACT_IDX_HI_VARINST_ROOT_PI`(`ROOT_PROC_INST_ID_`) USING BTREE,
  INDEX `ACT_IDX_HI_PROCVAR_PROC_INST`(`PROC_INST_ID_`) USING BTREE,
  INDEX `ACT_IDX_HI_PROCVAR_NAME_TYPE`(`NAME_`, `VAR_TYPE_`) USING BTREE,
  INDEX `ACT_IDX_HI_CASEVAR_CASE_INST`(`CASE_INST_ID_`) USING BTREE,
  INDEX `ACT_IDX_HI_VAR_INST_TENANT_ID`(`TENANT_ID_`) USING BTREE,
  INDEX `ACT_IDX_HI_VAR_INST_PROC_DEF_KEY`(`PROC_DEF_KEY_`) USING BTREE,
  INDEX `ACT_IDX_HI_VARINST_BYTEAR`(`BYTEARRAY_ID_`) USING BTREE,
  INDEX `ACT_IDX_HI_VARINST_RM_TIME`(`REMOVAL_TIME_`) USING BTREE,
  INDEX `ACT_IDX_HI_VAR_PI_NAME_TYPE`(`PROC_INST_ID_`, `NAME_`, `VAR_TYPE_`) USING BTREE
) ENGINE = InnoDB CHARACTER SET = utf8 COLLATE = utf8_bin ROW_FORMAT = Dynamic;

-- ----------------------------
-- Records of act_hi_varinst
-- ----------------------------

-- ----------------------------
-- Table structure for act_id_group
-- ----------------------------
DROP TABLE IF EXISTS `act_id_group`;
CREATE TABLE `act_id_group`  (
  `ID_` varchar(64) CHARACTER SET utf8 COLLATE utf8_bin NOT NULL,
  `REV_` int(11) NULL DEFAULT NULL,
  `NAME_` varchar(255) CHARACTER SET utf8 COLLATE utf8_bin NULL DEFAULT NULL,
  `TYPE_` varchar(255) CHARACTER SET utf8 COLLATE utf8_bin NULL DEFAULT NULL,
  PRIMARY KEY (`ID_`) USING BTREE
) ENGINE = InnoDB CHARACTER SET = utf8 COLLATE = utf8_bin ROW_FORMAT = Dynamic;

-- ----------------------------
-- Records of act_id_group
-- ----------------------------
INSERT INTO `act_id_group` VALUES ('camunda-admin', 1, 'camunda BPM Administrators', 'SYSTEM');

-- ----------------------------
-- Table structure for act_id_info
-- ----------------------------
DROP TABLE IF EXISTS `act_id_info`;
CREATE TABLE `act_id_info`  (
  `ID_` varchar(64) CHARACTER SET utf8 COLLATE utf8_bin NOT NULL,
  `REV_` int(11) NULL DEFAULT NULL,
  `USER_ID_` varchar(64) CHARACTER SET utf8 COLLATE utf8_bin NULL DEFAULT NULL,
  `TYPE_` varchar(64) CHARACTER SET utf8 COLLATE utf8_bin NULL DEFAULT NULL,
  `KEY_` varchar(255) CHARACTER SET utf8 COLLATE utf8_bin NULL DEFAULT NULL,
  `VALUE_` varchar(255) CHARACTER SET utf8 COLLATE utf8_bin NULL DEFAULT NULL,
  `PASSWORD_` longblob NULL,
  `PARENT_ID_` varchar(255) CHARACTER SET utf8 COLLATE utf8_bin NULL DEFAULT NULL,
  PRIMARY KEY (`ID_`) USING BTREE
) ENGINE = InnoDB CHARACTER SET = utf8 COLLATE = utf8_bin ROW_FORMAT = Dynamic;

-- ----------------------------
-- Records of act_id_info
-- ----------------------------

-- ----------------------------
-- Table structure for act_id_membership
-- ----------------------------
DROP TABLE IF EXISTS `act_id_membership`;
CREATE TABLE `act_id_membership`  (
  `USER_ID_` varchar(64) CHARACTER SET utf8 COLLATE utf8_bin NOT NULL,
  `GROUP_ID_` varchar(64) CHARACTER SET utf8 COLLATE utf8_bin NOT NULL,
  PRIMARY KEY (`USER_ID_`, `GROUP_ID_`) USING BTREE,
  INDEX `ACT_FK_MEMB_GROUP`(`GROUP_ID_`) USING BTREE,
  CONSTRAINT `ACT_FK_MEMB_GROUP` FOREIGN KEY (`GROUP_ID_`) REFERENCES `act_id_group` (`ID_`) ON DELETE RESTRICT ON UPDATE RESTRICT,
  CONSTRAINT `ACT_FK_MEMB_USER` FOREIGN KEY (`USER_ID_`) REFERENCES `act_id_user` (`ID_`) ON DELETE RESTRICT ON UPDATE RESTRICT
) ENGINE = InnoDB CHARACTER SET = utf8 COLLATE = utf8_bin ROW_FORMAT = Dynamic;

-- ----------------------------
-- Records of act_id_membership
-- ----------------------------
INSERT INTO `act_id_membership` VALUES ('demo', 'camunda-admin');

-- ----------------------------
-- Table structure for act_id_tenant
-- ----------------------------
DROP TABLE IF EXISTS `act_id_tenant`;
CREATE TABLE `act_id_tenant`  (
  `ID_` varchar(64) CHARACTER SET utf8 COLLATE utf8_bin NOT NULL,
  `REV_` int(11) NULL DEFAULT NULL,
  `NAME_` varchar(255) CHARACTER SET utf8 COLLATE utf8_bin NULL DEFAULT NULL,
  PRIMARY KEY (`ID_`) USING BTREE
) ENGINE = InnoDB CHARACTER SET = utf8 COLLATE = utf8_bin ROW_FORMAT = Dynamic;

-- ----------------------------
-- Records of act_id_tenant
-- ----------------------------

-- ----------------------------
-- Table structure for act_id_tenant_member
-- ----------------------------
DROP TABLE IF EXISTS `act_id_tenant_member`;
CREATE TABLE `act_id_tenant_member`  (
  `ID_` varchar(64) CHARACTER SET utf8 COLLATE utf8_bin NOT NULL,
  `TENANT_ID_` varchar(64) CHARACTER SET utf8 COLLATE utf8_bin NOT NULL,
  `USER_ID_` varchar(64) CHARACTER SET utf8 COLLATE utf8_bin NULL DEFAULT NULL,
  `GROUP_ID_` varchar(64) CHARACTER SET utf8 COLLATE utf8_bin NULL DEFAULT NULL,
  PRIMARY KEY (`ID_`) USING BTREE,
  UNIQUE INDEX `ACT_UNIQ_TENANT_MEMB_USER`(`TENANT_ID_`, `USER_ID_`) USING BTREE,
  UNIQUE INDEX `ACT_UNIQ_TENANT_MEMB_GROUP`(`TENANT_ID_`, `GROUP_ID_`) USING BTREE,
  INDEX `ACT_FK_TENANT_MEMB_USER`(`USER_ID_`) USING BTREE,
  INDEX `ACT_FK_TENANT_MEMB_GROUP`(`GROUP_ID_`) USING BTREE,
  CONSTRAINT `ACT_FK_TENANT_MEMB` FOREIGN KEY (`TENANT_ID_`) REFERENCES `act_id_tenant` (`ID_`) ON DELETE RESTRICT ON UPDATE RESTRICT,
  CONSTRAINT `ACT_FK_TENANT_MEMB_GROUP` FOREIGN KEY (`GROUP_ID_`) REFERENCES `act_id_group` (`ID_`) ON DELETE RESTRICT ON UPDATE RESTRICT,
  CONSTRAINT `ACT_FK_TENANT_MEMB_USER` FOREIGN KEY (`USER_ID_`) REFERENCES `act_id_user` (`ID_`) ON DELETE RESTRICT ON UPDATE RESTRICT
) ENGINE = InnoDB CHARACTER SET = utf8 COLLATE = utf8_bin ROW_FORMAT = Dynamic;

-- ----------------------------
-- Records of act_id_tenant_member
-- ----------------------------

-- ----------------------------
-- Table structure for act_id_user
-- ----------------------------
DROP TABLE IF EXISTS `act_id_user`;
CREATE TABLE `act_id_user`  (
  `ID_` varchar(64) CHARACTER SET utf8 COLLATE utf8_bin NOT NULL,
  `REV_` int(11) NULL DEFAULT NULL,
  `FIRST_` varchar(255) CHARACTER SET utf8 COLLATE utf8_bin NULL DEFAULT NULL,
  `LAST_` varchar(255) CHARACTER SET utf8 COLLATE utf8_bin NULL DEFAULT NULL,
  `EMAIL_` varchar(255) CHARACTER SET utf8 COLLATE utf8_bin NULL DEFAULT NULL,
  `PWD_` varchar(255) CHARACTER SET utf8 COLLATE utf8_bin NULL DEFAULT NULL,
  `SALT_` varchar(255) CHARACTER SET utf8 COLLATE utf8_bin NULL DEFAULT NULL,
  `LOCK_EXP_TIME_` datetime NULL DEFAULT NULL,
  `ATTEMPTS_` int(11) NULL DEFAULT NULL,
  `PICTURE_ID_` varchar(64) CHARACTER SET utf8 COLLATE utf8_bin NULL DEFAULT NULL,
  PRIMARY KEY (`ID_`) USING BTREE
) ENGINE = InnoDB CHARACTER SET = utf8 COLLATE = utf8_bin ROW_FORMAT = Dynamic;

-- ----------------------------
-- Records of act_id_user
-- ----------------------------
INSERT INTO `act_id_user` VALUES ('demo', 1, 'Demo', 'Demo', 'demo@localhost', '{SHA-512}WcXxUvBLalZidFbh7PAYd2yUN9KCmAsqoO5S/FjXeVv7KtvviWwtSh9lO+VzBjhM2gKExn0x81XlZdTPsIZU8w==', 'a+c9+c5lbKefVRQ9ECNBoA==', NULL, NULL, NULL);

-- ----------------------------
-- Table structure for act_re_camformdef
-- ----------------------------
DROP TABLE IF EXISTS `act_re_camformdef`;
CREATE TABLE `act_re_camformdef`  (
  `ID_` varchar(64) CHARACTER SET utf8 COLLATE utf8_bin NOT NULL,
  `REV_` int(11) NULL DEFAULT NULL,
  `KEY_` varchar(255) CHARACTER SET utf8 COLLATE utf8_bin NOT NULL,
  `VERSION_` int(11) NOT NULL,
  `DEPLOYMENT_ID_` varchar(64) CHARACTER SET utf8 COLLATE utf8_bin NULL DEFAULT NULL,
  `RESOURCE_NAME_` varchar(4000) CHARACTER SET utf8 COLLATE utf8_bin NULL DEFAULT NULL,
  `TENANT_ID_` varchar(64) CHARACTER SET utf8 COLLATE utf8_bin NULL DEFAULT NULL,
  PRIMARY KEY (`ID_`) USING BTREE
) ENGINE = InnoDB CHARACTER SET = utf8 COLLATE = utf8_bin ROW_FORMAT = Dynamic;

-- ----------------------------
-- Records of act_re_camformdef
-- ----------------------------

-- ----------------------------
-- Table structure for act_re_case_def
-- ----------------------------
DROP TABLE IF EXISTS `act_re_case_def`;
CREATE TABLE `act_re_case_def`  (
  `ID_` varchar(64) CHARACTER SET utf8 COLLATE utf8_bin NOT NULL,
  `REV_` int(11) NULL DEFAULT NULL,
  `CATEGORY_` varchar(255) CHARACTER SET utf8 COLLATE utf8_bin NULL DEFAULT NULL,
  `NAME_` varchar(255) CHARACTER SET utf8 COLLATE utf8_bin NULL DEFAULT NULL,
  `KEY_` varchar(255) CHARACTER SET utf8 COLLATE utf8_bin NOT NULL,
  `VERSION_` int(11) NOT NULL,
  `DEPLOYMENT_ID_` varchar(64) CHARACTER SET utf8 COLLATE utf8_bin NULL DEFAULT NULL,
  `RESOURCE_NAME_` varchar(4000) CHARACTER SET utf8 COLLATE utf8_bin NULL DEFAULT NULL,
  `DGRM_RESOURCE_NAME_` varchar(4000) CHARACTER SET utf8 COLLATE utf8_bin NULL DEFAULT NULL,
  `TENANT_ID_` varchar(64) CHARACTER SET utf8 COLLATE utf8_bin NULL DEFAULT NULL,
  `HISTORY_TTL_` int(11) NULL DEFAULT NULL,
  PRIMARY KEY (`ID_`) USING BTREE,
  INDEX `ACT_IDX_CASE_DEF_TENANT_ID`(`TENANT_ID_`) USING BTREE
) ENGINE = InnoDB CHARACTER SET = utf8 COLLATE = utf8_bin ROW_FORMAT = Dynamic;

-- ----------------------------
-- Records of act_re_case_def
-- ----------------------------

-- ----------------------------
-- Table structure for act_re_decision_def
-- ----------------------------
DROP TABLE IF EXISTS `act_re_decision_def`;
CREATE TABLE `act_re_decision_def`  (
  `ID_` varchar(64) CHARACTER SET utf8 COLLATE utf8_bin NOT NULL,
  `REV_` int(11) NULL DEFAULT NULL,
  `CATEGORY_` varchar(255) CHARACTER SET utf8 COLLATE utf8_bin NULL DEFAULT NULL,
  `NAME_` varchar(255) CHARACTER SET utf8 COLLATE utf8_bin NULL DEFAULT NULL,
  `KEY_` varchar(255) CHARACTER SET utf8 COLLATE utf8_bin NOT NULL,
  `VERSION_` int(11) NOT NULL,
  `DEPLOYMENT_ID_` varchar(64) CHARACTER SET utf8 COLLATE utf8_bin NULL DEFAULT NULL,
  `RESOURCE_NAME_` varchar(4000) CHARACTER SET utf8 COLLATE utf8_bin NULL DEFAULT NULL,
  `DGRM_RESOURCE_NAME_` varchar(4000) CHARACTER SET utf8 COLLATE utf8_bin NULL DEFAULT NULL,
  `DEC_REQ_ID_` varchar(64) CHARACTER SET utf8 COLLATE utf8_bin NULL DEFAULT NULL,
  `DEC_REQ_KEY_` varchar(255) CHARACTER SET utf8 COLLATE utf8_bin NULL DEFAULT NULL,
  `TENANT_ID_` varchar(64) CHARACTER SET utf8 COLLATE utf8_bin NULL DEFAULT NULL,
  `HISTORY_TTL_` int(11) NULL DEFAULT NULL,
  `VERSION_TAG_` varchar(64) CHARACTER SET utf8 COLLATE utf8_bin NULL DEFAULT NULL,
  PRIMARY KEY (`ID_`) USING BTREE,
  INDEX `ACT_IDX_DEC_DEF_TENANT_ID`(`TENANT_ID_`) USING BTREE,
  INDEX `ACT_IDX_DEC_DEF_REQ_ID`(`DEC_REQ_ID_`) USING BTREE,
  CONSTRAINT `ACT_FK_DEC_REQ` FOREIGN KEY (`DEC_REQ_ID_`) REFERENCES `act_re_decision_req_def` (`ID_`) ON DELETE RESTRICT ON UPDATE RESTRICT
) ENGINE = InnoDB CHARACTER SET = utf8 COLLATE = utf8_bin ROW_FORMAT = Dynamic;

-- ----------------------------
-- Records of act_re_decision_def
-- ----------------------------

-- ----------------------------
-- Table structure for act_re_decision_req_def
-- ----------------------------
DROP TABLE IF EXISTS `act_re_decision_req_def`;
CREATE TABLE `act_re_decision_req_def`  (
  `ID_` varchar(64) CHARACTER SET utf8 COLLATE utf8_bin NOT NULL,
  `REV_` int(11) NULL DEFAULT NULL,
  `CATEGORY_` varchar(255) CHARACTER SET utf8 COLLATE utf8_bin NULL DEFAULT NULL,
  `NAME_` varchar(255) CHARACTER SET utf8 COLLATE utf8_bin NULL DEFAULT NULL,
  `KEY_` varchar(255) CHARACTER SET utf8 COLLATE utf8_bin NOT NULL,
  `VERSION_` int(11) NOT NULL,
  `DEPLOYMENT_ID_` varchar(64) CHARACTER SET utf8 COLLATE utf8_bin NULL DEFAULT NULL,
  `RESOURCE_NAME_` varchar(4000) CHARACTER SET utf8 COLLATE utf8_bin NULL DEFAULT NULL,
  `DGRM_RESOURCE_NAME_` varchar(4000) CHARACTER SET utf8 COLLATE utf8_bin NULL DEFAULT NULL,
  `TENANT_ID_` varchar(64) CHARACTER SET utf8 COLLATE utf8_bin NULL DEFAULT NULL,
  PRIMARY KEY (`ID_`) USING BTREE,
  INDEX `ACT_IDX_DEC_REQ_DEF_TENANT_ID`(`TENANT_ID_`) USING BTREE
) ENGINE = InnoDB CHARACTER SET = utf8 COLLATE = utf8_bin ROW_FORMAT = Dynamic;

-- ----------------------------
-- Records of act_re_decision_req_def
-- ----------------------------

-- ----------------------------
-- Table structure for act_re_deployment
-- ----------------------------
DROP TABLE IF EXISTS `act_re_deployment`;
CREATE TABLE `act_re_deployment`  (
  `ID_` varchar(64) CHARACTER SET utf8 COLLATE utf8_bin NOT NULL,
  `NAME_` varchar(255) CHARACTER SET utf8 COLLATE utf8_bin NULL DEFAULT NULL,
  `DEPLOY_TIME_` datetime NULL DEFAULT NULL,
  `SOURCE_` varchar(255) CHARACTER SET utf8 COLLATE utf8_bin NULL DEFAULT NULL,
  `TENANT_ID_` varchar(64) CHARACTER SET utf8 COLLATE utf8_bin NULL DEFAULT NULL,
  PRIMARY KEY (`ID_`) USING BTREE,
  INDEX `ACT_IDX_DEPLOYMENT_NAME`(`NAME_`) USING BTREE,
  INDEX `ACT_IDX_DEPLOYMENT_TENANT_ID`(`TENANT_ID_`) USING BTREE
) ENGINE = InnoDB CHARACTER SET = utf8 COLLATE = utf8_bin ROW_FORMAT = Dynamic;

-- ----------------------------
-- Records of act_re_deployment
-- ----------------------------
INSERT INTO `act_re_deployment` VALUES ('5b12e60a-0727-11f1-b7f4-0a0027000004', 'qingjia_v1_20260211165503A001.bpmn', '2026-02-11 16:55:04', NULL, NULL);

-- ----------------------------
-- Table structure for act_re_procdef
-- ----------------------------
DROP TABLE IF EXISTS `act_re_procdef`;
CREATE TABLE `act_re_procdef`  (
  `ID_` varchar(64) CHARACTER SET utf8 COLLATE utf8_bin NOT NULL,
  `REV_` int(11) NULL DEFAULT NULL,
  `CATEGORY_` varchar(255) CHARACTER SET utf8 COLLATE utf8_bin NULL DEFAULT NULL,
  `NAME_` varchar(255) CHARACTER SET utf8 COLLATE utf8_bin NULL DEFAULT NULL,
  `KEY_` varchar(255) CHARACTER SET utf8 COLLATE utf8_bin NOT NULL,
  `VERSION_` int(11) NOT NULL,
  `DEPLOYMENT_ID_` varchar(64) CHARACTER SET utf8 COLLATE utf8_bin NULL DEFAULT NULL,
  `RESOURCE_NAME_` varchar(4000) CHARACTER SET utf8 COLLATE utf8_bin NULL DEFAULT NULL,
  `DGRM_RESOURCE_NAME_` varchar(4000) CHARACTER SET utf8 COLLATE utf8_bin NULL DEFAULT NULL,
  `HAS_START_FORM_KEY_` tinyint(4) NULL DEFAULT NULL,
  `SUSPENSION_STATE_` int(11) NULL DEFAULT NULL,
  `TENANT_ID_` varchar(64) CHARACTER SET utf8 COLLATE utf8_bin NULL DEFAULT NULL,
  `VERSION_TAG_` varchar(64) CHARACTER SET utf8 COLLATE utf8_bin NULL DEFAULT NULL,
  `HISTORY_TTL_` int(11) NULL DEFAULT NULL,
  `STARTABLE_` tinyint(1) NOT NULL DEFAULT 1,
  PRIMARY KEY (`ID_`) USING BTREE,
  INDEX `ACT_IDX_PROCDEF_DEPLOYMENT_ID`(`DEPLOYMENT_ID_`) USING BTREE,
  INDEX `ACT_IDX_PROCDEF_TENANT_ID`(`TENANT_ID_`) USING BTREE,
  INDEX `ACT_IDX_PROCDEF_VER_TAG`(`VERSION_TAG_`) USING BTREE
) ENGINE = InnoDB CHARACTER SET = utf8 COLLATE = utf8_bin ROW_FORMAT = Dynamic;

-- ----------------------------
-- Records of act_re_procdef
-- ----------------------------
INSERT INTO `act_re_procdef` VALUES ('qingjia:1:5b29543c-0727-11f1-b7f4-0a0027000004', 1, 'http://bpmn.io/schema/bpmn', '', 'qingjia', 1, '5b12e60a-0727-11f1-b7f4-0a0027000004', 'uploadPath/processDefiniton/2026/02/11/qingjia_v1_20260211165503A001.bpmn', NULL, 1, 1, NULL, NULL, 180, 1);

-- ----------------------------
-- Table structure for act_ru_authorization
-- ----------------------------
DROP TABLE IF EXISTS `act_ru_authorization`;
CREATE TABLE `act_ru_authorization`  (
  `ID_` varchar(64) CHARACTER SET utf8 COLLATE utf8_bin NOT NULL,
  `REV_` int(11) NOT NULL,
  `TYPE_` int(11) NOT NULL,
  `GROUP_ID_` varchar(255) CHARACTER SET utf8 COLLATE utf8_bin NULL DEFAULT NULL,
  `USER_ID_` varchar(255) CHARACTER SET utf8 COLLATE utf8_bin NULL DEFAULT NULL,
  `RESOURCE_TYPE_` int(11) NOT NULL,
  `RESOURCE_ID_` varchar(255) CHARACTER SET utf8 COLLATE utf8_bin NULL DEFAULT NULL,
  `PERMS_` int(11) NULL DEFAULT NULL,
  `REMOVAL_TIME_` datetime NULL DEFAULT NULL,
  `ROOT_PROC_INST_ID_` varchar(64) CHARACTER SET utf8 COLLATE utf8_bin NULL DEFAULT NULL,
  PRIMARY KEY (`ID_`) USING BTREE,
  UNIQUE INDEX `ACT_UNIQ_AUTH_USER`(`USER_ID_`, `TYPE_`, `RESOURCE_TYPE_`, `RESOURCE_ID_`) USING BTREE,
  UNIQUE INDEX `ACT_UNIQ_AUTH_GROUP`(`GROUP_ID_`, `TYPE_`, `RESOURCE_TYPE_`, `RESOURCE_ID_`) USING BTREE,
  INDEX `ACT_IDX_AUTH_GROUP_ID`(`GROUP_ID_`) USING BTREE,
  INDEX `ACT_IDX_AUTH_RESOURCE_ID`(`RESOURCE_ID_`) USING BTREE,
  INDEX `ACT_IDX_AUTH_ROOT_PI`(`ROOT_PROC_INST_ID_`) USING BTREE,
  INDEX `ACT_IDX_AUTH_RM_TIME`(`REMOVAL_TIME_`) USING BTREE
) ENGINE = InnoDB CHARACTER SET = utf8 COLLATE = utf8_bin ROW_FORMAT = Dynamic;

-- ----------------------------
-- Records of act_ru_authorization
-- ----------------------------
INSERT INTO `act_ru_authorization` VALUES ('a8700063-0726-11f1-b7f4-0a0027000004', 1, 1, 'camunda-admin', NULL, 0, '*', 2147483647, NULL, NULL);
INSERT INTO `act_ru_authorization` VALUES ('a871ae14-0726-11f1-b7f4-0a0027000004', 1, 1, 'camunda-admin', NULL, 1, '*', 2147483647, NULL, NULL);
INSERT INTO `act_ru_authorization` VALUES ('a87382d5-0726-11f1-b7f4-0a0027000004', 1, 1, 'camunda-admin', NULL, 2, '*', 2147483647, NULL, NULL);
INSERT INTO `act_ru_authorization` VALUES ('a8753086-0726-11f1-b7f4-0a0027000004', 1, 1, 'camunda-admin', NULL, 3, '*', 2147483647, NULL, NULL);
INSERT INTO `act_ru_authorization` VALUES ('a876de37-0726-11f1-b7f4-0a0027000004', 1, 1, 'camunda-admin', NULL, 4, '*', 2147483647, NULL, NULL);
INSERT INTO `act_ru_authorization` VALUES ('a8788be8-0726-11f1-b7f4-0a0027000004', 1, 1, 'camunda-admin', NULL, 5, '*', 2147483647, NULL, NULL);
INSERT INTO `act_ru_authorization` VALUES ('a879eb79-0726-11f1-b7f4-0a0027000004', 1, 1, 'camunda-admin', NULL, 6, '*', 2147483647, NULL, NULL);
INSERT INTO `act_ru_authorization` VALUES ('a87b721a-0726-11f1-b7f4-0a0027000004', 1, 1, 'camunda-admin', NULL, 7, '*', 2147483647, NULL, NULL);
INSERT INTO `act_ru_authorization` VALUES ('a87cd1ab-0726-11f1-b7f4-0a0027000004', 1, 1, 'camunda-admin', NULL, 8, '*', 2147483647, NULL, NULL);
INSERT INTO `act_ru_authorization` VALUES ('a87e584c-0726-11f1-b7f4-0a0027000004', 1, 1, 'camunda-admin', NULL, 9, '*', 2147483647, NULL, NULL);
INSERT INTO `act_ru_authorization` VALUES ('a87fb7dd-0726-11f1-b7f4-0a0027000004', 1, 1, 'camunda-admin', NULL, 10, '*', 2147483647, NULL, NULL);
INSERT INTO `act_ru_authorization` VALUES ('a8813e7e-0726-11f1-b7f4-0a0027000004', 1, 1, 'camunda-admin', NULL, 11, '*', 2147483647, NULL, NULL);
INSERT INTO `act_ru_authorization` VALUES ('a8829e0f-0726-11f1-b7f4-0a0027000004', 1, 1, 'camunda-admin', NULL, 12, '*', 2147483647, NULL, NULL);
INSERT INTO `act_ru_authorization` VALUES ('a88499e0-0726-11f1-b7f4-0a0027000004', 1, 1, 'camunda-admin', NULL, 13, '*', 2147483647, NULL, NULL);
INSERT INTO `act_ru_authorization` VALUES ('a8864791-0726-11f1-b7f4-0a0027000004', 1, 1, 'camunda-admin', NULL, 14, '*', 2147483647, NULL, NULL);
INSERT INTO `act_ru_authorization` VALUES ('a8881c52-0726-11f1-b7f4-0a0027000004', 1, 1, 'camunda-admin', NULL, 15, '*', 2147483647, NULL, NULL);
INSERT INTO `act_ru_authorization` VALUES ('a88a6643-0726-11f1-b7f4-0a0027000004', 1, 1, 'camunda-admin', NULL, 16, '*', 2147483647, NULL, NULL);
INSERT INTO `act_ru_authorization` VALUES ('a88cd744-0726-11f1-b7f4-0a0027000004', 1, 1, 'camunda-admin', NULL, 17, '*', 2147483647, NULL, NULL);
INSERT INTO `act_ru_authorization` VALUES ('a88e84f5-0726-11f1-b7f4-0a0027000004', 1, 1, 'camunda-admin', NULL, 18, '*', 2147483647, NULL, NULL);
INSERT INTO `act_ru_authorization` VALUES ('a89059b6-0726-11f1-b7f4-0a0027000004', 1, 1, 'camunda-admin', NULL, 19, '*', 2147483647, NULL, NULL);
INSERT INTO `act_ru_authorization` VALUES ('a8920767-0726-11f1-b7f4-0a0027000004', 1, 1, 'camunda-admin', NULL, 20, '*', 2147483647, NULL, NULL);

-- ----------------------------
-- Table structure for act_ru_batch
-- ----------------------------
DROP TABLE IF EXISTS `act_ru_batch`;
CREATE TABLE `act_ru_batch`  (
  `ID_` varchar(64) CHARACTER SET utf8 COLLATE utf8_bin NOT NULL,
  `REV_` int(11) NOT NULL,
  `TYPE_` varchar(255) CHARACTER SET utf8 COLLATE utf8_bin NULL DEFAULT NULL,
  `TOTAL_JOBS_` int(11) NULL DEFAULT NULL,
  `JOBS_CREATED_` int(11) NULL DEFAULT NULL,
  `JOBS_PER_SEED_` int(11) NULL DEFAULT NULL,
  `INVOCATIONS_PER_JOB_` int(11) NULL DEFAULT NULL,
  `SEED_JOB_DEF_ID_` varchar(64) CHARACTER SET utf8 COLLATE utf8_bin NULL DEFAULT NULL,
  `BATCH_JOB_DEF_ID_` varchar(64) CHARACTER SET utf8 COLLATE utf8_bin NULL DEFAULT NULL,
  `MONITOR_JOB_DEF_ID_` varchar(64) CHARACTER SET utf8 COLLATE utf8_bin NULL DEFAULT NULL,
  `SUSPENSION_STATE_` int(11) NULL DEFAULT NULL,
  `CONFIGURATION_` varchar(255) CHARACTER SET utf8 COLLATE utf8_bin NULL DEFAULT NULL,
  `TENANT_ID_` varchar(64) CHARACTER SET utf8 COLLATE utf8_bin NULL DEFAULT NULL,
  `CREATE_USER_ID_` varchar(255) CHARACTER SET utf8 COLLATE utf8_bin NULL DEFAULT NULL,
  PRIMARY KEY (`ID_`) USING BTREE,
  INDEX `ACT_IDX_BATCH_SEED_JOB_DEF`(`SEED_JOB_DEF_ID_`) USING BTREE,
  INDEX `ACT_IDX_BATCH_MONITOR_JOB_DEF`(`MONITOR_JOB_DEF_ID_`) USING BTREE,
  INDEX `ACT_IDX_BATCH_JOB_DEF`(`BATCH_JOB_DEF_ID_`) USING BTREE,
  CONSTRAINT `ACT_FK_BATCH_JOB_DEF` FOREIGN KEY (`BATCH_JOB_DEF_ID_`) REFERENCES `act_ru_jobdef` (`ID_`) ON DELETE RESTRICT ON UPDATE RESTRICT,
  CONSTRAINT `ACT_FK_BATCH_MONITOR_JOB_DEF` FOREIGN KEY (`MONITOR_JOB_DEF_ID_`) REFERENCES `act_ru_jobdef` (`ID_`) ON DELETE RESTRICT ON UPDATE RESTRICT,
  CONSTRAINT `ACT_FK_BATCH_SEED_JOB_DEF` FOREIGN KEY (`SEED_JOB_DEF_ID_`) REFERENCES `act_ru_jobdef` (`ID_`) ON DELETE RESTRICT ON UPDATE RESTRICT
) ENGINE = InnoDB CHARACTER SET = utf8 COLLATE = utf8_bin ROW_FORMAT = Dynamic;

-- ----------------------------
-- Records of act_ru_batch
-- ----------------------------

-- ----------------------------
-- Table structure for act_ru_case_execution
-- ----------------------------
DROP TABLE IF EXISTS `act_ru_case_execution`;
CREATE TABLE `act_ru_case_execution`  (
  `ID_` varchar(64) CHARACTER SET utf8 COLLATE utf8_bin NOT NULL,
  `REV_` int(11) NULL DEFAULT NULL,
  `CASE_INST_ID_` varchar(64) CHARACTER SET utf8 COLLATE utf8_bin NULL DEFAULT NULL,
  `SUPER_CASE_EXEC_` varchar(64) CHARACTER SET utf8 COLLATE utf8_bin NULL DEFAULT NULL,
  `SUPER_EXEC_` varchar(64) CHARACTER SET utf8 COLLATE utf8_bin NULL DEFAULT NULL,
  `BUSINESS_KEY_` varchar(255) CHARACTER SET utf8 COLLATE utf8_bin NULL DEFAULT NULL,
  `PARENT_ID_` varchar(64) CHARACTER SET utf8 COLLATE utf8_bin NULL DEFAULT NULL,
  `CASE_DEF_ID_` varchar(64) CHARACTER SET utf8 COLLATE utf8_bin NULL DEFAULT NULL,
  `ACT_ID_` varchar(255) CHARACTER SET utf8 COLLATE utf8_bin NULL DEFAULT NULL,
  `PREV_STATE_` int(11) NULL DEFAULT NULL,
  `CURRENT_STATE_` int(11) NULL DEFAULT NULL,
  `REQUIRED_` tinyint(1) NULL DEFAULT NULL,
  `TENANT_ID_` varchar(64) CHARACTER SET utf8 COLLATE utf8_bin NULL DEFAULT NULL,
  PRIMARY KEY (`ID_`) USING BTREE,
  INDEX `ACT_IDX_CASE_EXEC_BUSKEY`(`BUSINESS_KEY_`) USING BTREE,
  INDEX `ACT_IDX_CASE_EXE_CASE_INST`(`CASE_INST_ID_`) USING BTREE,
  INDEX `ACT_FK_CASE_EXE_PARENT`(`PARENT_ID_`) USING BTREE,
  INDEX `ACT_FK_CASE_EXE_CASE_DEF`(`CASE_DEF_ID_`) USING BTREE,
  INDEX `ACT_IDX_CASE_EXEC_TENANT_ID`(`TENANT_ID_`) USING BTREE,
  CONSTRAINT `ACT_FK_CASE_EXE_CASE_DEF` FOREIGN KEY (`CASE_DEF_ID_`) REFERENCES `act_re_case_def` (`ID_`) ON DELETE RESTRICT ON UPDATE RESTRICT,
  CONSTRAINT `ACT_FK_CASE_EXE_CASE_INST` FOREIGN KEY (`CASE_INST_ID_`) REFERENCES `act_ru_case_execution` (`ID_`) ON DELETE CASCADE ON UPDATE CASCADE,
  CONSTRAINT `ACT_FK_CASE_EXE_PARENT` FOREIGN KEY (`PARENT_ID_`) REFERENCES `act_ru_case_execution` (`ID_`) ON DELETE RESTRICT ON UPDATE RESTRICT
) ENGINE = InnoDB CHARACTER SET = utf8 COLLATE = utf8_bin ROW_FORMAT = Dynamic;

-- ----------------------------
-- Records of act_ru_case_execution
-- ----------------------------

-- ----------------------------
-- Table structure for act_ru_case_sentry_part
-- ----------------------------
DROP TABLE IF EXISTS `act_ru_case_sentry_part`;
CREATE TABLE `act_ru_case_sentry_part`  (
  `ID_` varchar(64) CHARACTER SET utf8 COLLATE utf8_bin NOT NULL,
  `REV_` int(11) NULL DEFAULT NULL,
  `CASE_INST_ID_` varchar(64) CHARACTER SET utf8 COLLATE utf8_bin NULL DEFAULT NULL,
  `CASE_EXEC_ID_` varchar(64) CHARACTER SET utf8 COLLATE utf8_bin NULL DEFAULT NULL,
  `SENTRY_ID_` varchar(255) CHARACTER SET utf8 COLLATE utf8_bin NULL DEFAULT NULL,
  `TYPE_` varchar(255) CHARACTER SET utf8 COLLATE utf8_bin NULL DEFAULT NULL,
  `SOURCE_CASE_EXEC_ID_` varchar(64) CHARACTER SET utf8 COLLATE utf8_bin NULL DEFAULT NULL,
  `STANDARD_EVENT_` varchar(255) CHARACTER SET utf8 COLLATE utf8_bin NULL DEFAULT NULL,
  `SOURCE_` varchar(255) CHARACTER SET utf8 COLLATE utf8_bin NULL DEFAULT NULL,
  `VARIABLE_EVENT_` varchar(255) CHARACTER SET utf8 COLLATE utf8_bin NULL DEFAULT NULL,
  `VARIABLE_NAME_` varchar(255) CHARACTER SET utf8 COLLATE utf8_bin NULL DEFAULT NULL,
  `SATISFIED_` tinyint(1) NULL DEFAULT NULL,
  `TENANT_ID_` varchar(64) CHARACTER SET utf8 COLLATE utf8_bin NULL DEFAULT NULL,
  PRIMARY KEY (`ID_`) USING BTREE,
  INDEX `ACT_FK_CASE_SENTRY_CASE_INST`(`CASE_INST_ID_`) USING BTREE,
  INDEX `ACT_FK_CASE_SENTRY_CASE_EXEC`(`CASE_EXEC_ID_`) USING BTREE,
  CONSTRAINT `ACT_FK_CASE_SENTRY_CASE_EXEC` FOREIGN KEY (`CASE_EXEC_ID_`) REFERENCES `act_ru_case_execution` (`ID_`) ON DELETE RESTRICT ON UPDATE RESTRICT,
  CONSTRAINT `ACT_FK_CASE_SENTRY_CASE_INST` FOREIGN KEY (`CASE_INST_ID_`) REFERENCES `act_ru_case_execution` (`ID_`) ON DELETE RESTRICT ON UPDATE RESTRICT
) ENGINE = InnoDB CHARACTER SET = utf8 COLLATE = utf8_bin ROW_FORMAT = Dynamic;

-- ----------------------------
-- Records of act_ru_case_sentry_part
-- ----------------------------

-- ----------------------------
-- Table structure for act_ru_event_subscr
-- ----------------------------
DROP TABLE IF EXISTS `act_ru_event_subscr`;
CREATE TABLE `act_ru_event_subscr`  (
  `ID_` varchar(64) CHARACTER SET utf8 COLLATE utf8_bin NOT NULL,
  `REV_` int(11) NULL DEFAULT NULL,
  `EVENT_TYPE_` varchar(255) CHARACTER SET utf8 COLLATE utf8_bin NOT NULL,
  `EVENT_NAME_` varchar(255) CHARACTER SET utf8 COLLATE utf8_bin NULL DEFAULT NULL,
  `EXECUTION_ID_` varchar(64) CHARACTER SET utf8 COLLATE utf8_bin NULL DEFAULT NULL,
  `PROC_INST_ID_` varchar(64) CHARACTER SET utf8 COLLATE utf8_bin NULL DEFAULT NULL,
  `ACTIVITY_ID_` varchar(255) CHARACTER SET utf8 COLLATE utf8_bin NULL DEFAULT NULL,
  `CONFIGURATION_` varchar(255) CHARACTER SET utf8 COLLATE utf8_bin NULL DEFAULT NULL,
  `CREATED_` datetime NOT NULL,
  `TENANT_ID_` varchar(64) CHARACTER SET utf8 COLLATE utf8_bin NULL DEFAULT NULL,
  PRIMARY KEY (`ID_`) USING BTREE,
  INDEX `ACT_IDX_EVENT_SUBSCR_CONFIG_`(`CONFIGURATION_`) USING BTREE,
  INDEX `ACT_IDX_EVENT_SUBSCR_TENANT_ID`(`TENANT_ID_`) USING BTREE,
  INDEX `ACT_FK_EVENT_EXEC`(`EXECUTION_ID_`) USING BTREE,
  INDEX `ACT_IDX_EVENT_SUBSCR_EVT_NAME`(`EVENT_NAME_`) USING BTREE,
  CONSTRAINT `ACT_FK_EVENT_EXEC` FOREIGN KEY (`EXECUTION_ID_`) REFERENCES `act_ru_execution` (`ID_`) ON DELETE RESTRICT ON UPDATE RESTRICT
) ENGINE = InnoDB CHARACTER SET = utf8 COLLATE = utf8_bin ROW_FORMAT = Dynamic;

-- ----------------------------
-- Records of act_ru_event_subscr
-- ----------------------------

-- ----------------------------
-- Table structure for act_ru_execution
-- ----------------------------
DROP TABLE IF EXISTS `act_ru_execution`;
CREATE TABLE `act_ru_execution`  (
  `ID_` varchar(64) CHARACTER SET utf8 COLLATE utf8_bin NOT NULL,
  `REV_` int(11) NULL DEFAULT NULL,
  `ROOT_PROC_INST_ID_` varchar(64) CHARACTER SET utf8 COLLATE utf8_bin NULL DEFAULT NULL,
  `PROC_INST_ID_` varchar(64) CHARACTER SET utf8 COLLATE utf8_bin NULL DEFAULT NULL,
  `BUSINESS_KEY_` varchar(255) CHARACTER SET utf8 COLLATE utf8_bin NULL DEFAULT NULL,
  `PARENT_ID_` varchar(64) CHARACTER SET utf8 COLLATE utf8_bin NULL DEFAULT NULL,
  `PROC_DEF_ID_` varchar(64) CHARACTER SET utf8 COLLATE utf8_bin NULL DEFAULT NULL,
  `SUPER_EXEC_` varchar(64) CHARACTER SET utf8 COLLATE utf8_bin NULL DEFAULT NULL,
  `SUPER_CASE_EXEC_` varchar(64) CHARACTER SET utf8 COLLATE utf8_bin NULL DEFAULT NULL,
  `CASE_INST_ID_` varchar(64) CHARACTER SET utf8 COLLATE utf8_bin NULL DEFAULT NULL,
  `ACT_ID_` varchar(255) CHARACTER SET utf8 COLLATE utf8_bin NULL DEFAULT NULL,
  `ACT_INST_ID_` varchar(64) CHARACTER SET utf8 COLLATE utf8_bin NULL DEFAULT NULL,
  `IS_ACTIVE_` tinyint(4) NULL DEFAULT NULL,
  `IS_CONCURRENT_` tinyint(4) NULL DEFAULT NULL,
  `IS_SCOPE_` tinyint(4) NULL DEFAULT NULL,
  `IS_EVENT_SCOPE_` tinyint(4) NULL DEFAULT NULL,
  `SUSPENSION_STATE_` int(11) NULL DEFAULT NULL,
  `CACHED_ENT_STATE_` int(11) NULL DEFAULT NULL,
  `SEQUENCE_COUNTER_` bigint(20) NULL DEFAULT NULL,
  `TENANT_ID_` varchar(64) CHARACTER SET utf8 COLLATE utf8_bin NULL DEFAULT NULL,
  PRIMARY KEY (`ID_`) USING BTREE,
  INDEX `ACT_IDX_EXEC_ROOT_PI`(`ROOT_PROC_INST_ID_`) USING BTREE,
  INDEX `ACT_IDX_EXEC_BUSKEY`(`BUSINESS_KEY_`) USING BTREE,
  INDEX `ACT_IDX_EXEC_TENANT_ID`(`TENANT_ID_`) USING BTREE,
  INDEX `ACT_FK_EXE_PROCINST`(`PROC_INST_ID_`) USING BTREE,
  INDEX `ACT_FK_EXE_PARENT`(`PARENT_ID_`) USING BTREE,
  INDEX `ACT_FK_EXE_SUPER`(`SUPER_EXEC_`) USING BTREE,
  INDEX `ACT_FK_EXE_PROCDEF`(`PROC_DEF_ID_`) USING BTREE,
  CONSTRAINT `ACT_FK_EXE_PARENT` FOREIGN KEY (`PARENT_ID_`) REFERENCES `act_ru_execution` (`ID_`) ON DELETE RESTRICT ON UPDATE RESTRICT,
  CONSTRAINT `ACT_FK_EXE_PROCDEF` FOREIGN KEY (`PROC_DEF_ID_`) REFERENCES `act_re_procdef` (`ID_`) ON DELETE RESTRICT ON UPDATE RESTRICT,
  CONSTRAINT `ACT_FK_EXE_PROCINST` FOREIGN KEY (`PROC_INST_ID_`) REFERENCES `act_ru_execution` (`ID_`) ON DELETE CASCADE ON UPDATE CASCADE,
  CONSTRAINT `ACT_FK_EXE_SUPER` FOREIGN KEY (`SUPER_EXEC_`) REFERENCES `act_ru_execution` (`ID_`) ON DELETE RESTRICT ON UPDATE RESTRICT
) ENGINE = InnoDB CHARACTER SET = utf8 COLLATE = utf8_bin ROW_FORMAT = Dynamic;

-- ----------------------------
-- Records of act_ru_execution
-- ----------------------------

-- ----------------------------
-- Table structure for act_ru_ext_task
-- ----------------------------
DROP TABLE IF EXISTS `act_ru_ext_task`;
CREATE TABLE `act_ru_ext_task`  (
  `ID_` varchar(64) CHARACTER SET utf8 COLLATE utf8_bin NOT NULL,
  `REV_` int(11) NOT NULL,
  `WORKER_ID_` varchar(255) CHARACTER SET utf8 COLLATE utf8_bin NULL DEFAULT NULL,
  `TOPIC_NAME_` varchar(255) CHARACTER SET utf8 COLLATE utf8_bin NULL DEFAULT NULL,
  `RETRIES_` int(11) NULL DEFAULT NULL,
  `ERROR_MSG_` varchar(4000) CHARACTER SET utf8 COLLATE utf8_bin NULL DEFAULT NULL,
  `ERROR_DETAILS_ID_` varchar(64) CHARACTER SET utf8 COLLATE utf8_bin NULL DEFAULT NULL,
  `LOCK_EXP_TIME_` datetime NULL DEFAULT NULL,
  `SUSPENSION_STATE_` int(11) NULL DEFAULT NULL,
  `EXECUTION_ID_` varchar(64) CHARACTER SET utf8 COLLATE utf8_bin NULL DEFAULT NULL,
  `PROC_INST_ID_` varchar(64) CHARACTER SET utf8 COLLATE utf8_bin NULL DEFAULT NULL,
  `PROC_DEF_ID_` varchar(64) CHARACTER SET utf8 COLLATE utf8_bin NULL DEFAULT NULL,
  `PROC_DEF_KEY_` varchar(255) CHARACTER SET utf8 COLLATE utf8_bin NULL DEFAULT NULL,
  `ACT_ID_` varchar(255) CHARACTER SET utf8 COLLATE utf8_bin NULL DEFAULT NULL,
  `ACT_INST_ID_` varchar(64) CHARACTER SET utf8 COLLATE utf8_bin NULL DEFAULT NULL,
  `TENANT_ID_` varchar(64) CHARACTER SET utf8 COLLATE utf8_bin NULL DEFAULT NULL,
  `PRIORITY_` bigint(20) NOT NULL DEFAULT 0,
  PRIMARY KEY (`ID_`) USING BTREE,
  INDEX `ACT_IDX_EXT_TASK_TOPIC`(`TOPIC_NAME_`) USING BTREE,
  INDEX `ACT_IDX_EXT_TASK_TENANT_ID`(`TENANT_ID_`) USING BTREE,
  INDEX `ACT_IDX_EXT_TASK_PRIORITY`(`PRIORITY_`) USING BTREE,
  INDEX `ACT_IDX_EXT_TASK_ERR_DETAILS`(`ERROR_DETAILS_ID_`) USING BTREE,
  INDEX `ACT_IDX_EXT_TASK_EXEC`(`EXECUTION_ID_`) USING BTREE,
  CONSTRAINT `ACT_FK_EXT_TASK_ERROR_DETAILS` FOREIGN KEY (`ERROR_DETAILS_ID_`) REFERENCES `act_ge_bytearray` (`ID_`) ON DELETE RESTRICT ON UPDATE RESTRICT,
  CONSTRAINT `ACT_FK_EXT_TASK_EXE` FOREIGN KEY (`EXECUTION_ID_`) REFERENCES `act_ru_execution` (`ID_`) ON DELETE RESTRICT ON UPDATE RESTRICT
) ENGINE = InnoDB CHARACTER SET = utf8 COLLATE = utf8_bin ROW_FORMAT = Dynamic;

-- ----------------------------
-- Records of act_ru_ext_task
-- ----------------------------

-- ----------------------------
-- Table structure for act_ru_filter
-- ----------------------------
DROP TABLE IF EXISTS `act_ru_filter`;
CREATE TABLE `act_ru_filter`  (
  `ID_` varchar(64) CHARACTER SET utf8 COLLATE utf8_bin NOT NULL,
  `REV_` int(11) NOT NULL,
  `RESOURCE_TYPE_` varchar(255) CHARACTER SET utf8 COLLATE utf8_bin NOT NULL,
  `NAME_` varchar(255) CHARACTER SET utf8 COLLATE utf8_bin NOT NULL,
  `OWNER_` varchar(255) CHARACTER SET utf8 COLLATE utf8_bin NULL DEFAULT NULL,
  `QUERY_` longtext CHARACTER SET utf8 COLLATE utf8_bin NOT NULL,
  `PROPERTIES_` longtext CHARACTER SET utf8 COLLATE utf8_bin NULL,
  PRIMARY KEY (`ID_`) USING BTREE
) ENGINE = InnoDB CHARACTER SET = utf8 COLLATE = utf8_bin ROW_FORMAT = Dynamic;

-- ----------------------------
-- Records of act_ru_filter
-- ----------------------------
INSERT INTO `act_ru_filter` VALUES ('a8aa4a59-0726-11f1-b7f4-0a0027000004', 1, 'Task', 'All tasks', NULL, '{}', '{}');

-- ----------------------------
-- Table structure for act_ru_identitylink
-- ----------------------------
DROP TABLE IF EXISTS `act_ru_identitylink`;
CREATE TABLE `act_ru_identitylink`  (
  `ID_` varchar(64) CHARACTER SET utf8 COLLATE utf8_bin NOT NULL,
  `REV_` int(11) NULL DEFAULT NULL,
  `GROUP_ID_` varchar(255) CHARACTER SET utf8 COLLATE utf8_bin NULL DEFAULT NULL,
  `TYPE_` varchar(255) CHARACTER SET utf8 COLLATE utf8_bin NULL DEFAULT NULL,
  `USER_ID_` varchar(255) CHARACTER SET utf8 COLLATE utf8_bin NULL DEFAULT NULL,
  `TASK_ID_` varchar(64) CHARACTER SET utf8 COLLATE utf8_bin NULL DEFAULT NULL,
  `PROC_DEF_ID_` varchar(64) CHARACTER SET utf8 COLLATE utf8_bin NULL DEFAULT NULL,
  `TENANT_ID_` varchar(64) CHARACTER SET utf8 COLLATE utf8_bin NULL DEFAULT NULL,
  PRIMARY KEY (`ID_`) USING BTREE,
  INDEX `ACT_IDX_IDENT_LNK_USER`(`USER_ID_`) USING BTREE,
  INDEX `ACT_IDX_IDENT_LNK_GROUP`(`GROUP_ID_`) USING BTREE,
  INDEX `ACT_IDX_ATHRZ_PROCEDEF`(`PROC_DEF_ID_`) USING BTREE,
  INDEX `ACT_FK_TSKASS_TASK`(`TASK_ID_`) USING BTREE,
  CONSTRAINT `ACT_FK_ATHRZ_PROCEDEF` FOREIGN KEY (`PROC_DEF_ID_`) REFERENCES `act_re_procdef` (`ID_`) ON DELETE RESTRICT ON UPDATE RESTRICT,
  CONSTRAINT `ACT_FK_TSKASS_TASK` FOREIGN KEY (`TASK_ID_`) REFERENCES `act_ru_task` (`ID_`) ON DELETE RESTRICT ON UPDATE RESTRICT
) ENGINE = InnoDB CHARACTER SET = utf8 COLLATE = utf8_bin ROW_FORMAT = Dynamic;

-- ----------------------------
-- Records of act_ru_identitylink
-- ----------------------------

-- ----------------------------
-- Table structure for act_ru_incident
-- ----------------------------
DROP TABLE IF EXISTS `act_ru_incident`;
CREATE TABLE `act_ru_incident`  (
  `ID_` varchar(64) CHARACTER SET utf8 COLLATE utf8_bin NOT NULL,
  `REV_` int(11) NOT NULL,
  `INCIDENT_TIMESTAMP_` datetime NOT NULL,
  `INCIDENT_MSG_` varchar(4000) CHARACTER SET utf8 COLLATE utf8_bin NULL DEFAULT NULL,
  `INCIDENT_TYPE_` varchar(255) CHARACTER SET utf8 COLLATE utf8_bin NOT NULL,
  `EXECUTION_ID_` varchar(64) CHARACTER SET utf8 COLLATE utf8_bin NULL DEFAULT NULL,
  `ACTIVITY_ID_` varchar(255) CHARACTER SET utf8 COLLATE utf8_bin NULL DEFAULT NULL,
  `FAILED_ACTIVITY_ID_` varchar(255) CHARACTER SET utf8 COLLATE utf8_bin NULL DEFAULT NULL,
  `PROC_INST_ID_` varchar(64) CHARACTER SET utf8 COLLATE utf8_bin NULL DEFAULT NULL,
  `PROC_DEF_ID_` varchar(64) CHARACTER SET utf8 COLLATE utf8_bin NULL DEFAULT NULL,
  `CAUSE_INCIDENT_ID_` varchar(64) CHARACTER SET utf8 COLLATE utf8_bin NULL DEFAULT NULL,
  `ROOT_CAUSE_INCIDENT_ID_` varchar(64) CHARACTER SET utf8 COLLATE utf8_bin NULL DEFAULT NULL,
  `CONFIGURATION_` varchar(255) CHARACTER SET utf8 COLLATE utf8_bin NULL DEFAULT NULL,
  `TENANT_ID_` varchar(64) CHARACTER SET utf8 COLLATE utf8_bin NULL DEFAULT NULL,
  `JOB_DEF_ID_` varchar(64) CHARACTER SET utf8 COLLATE utf8_bin NULL DEFAULT NULL,
  `ANNOTATION_` varchar(4000) CHARACTER SET utf8 COLLATE utf8_bin NULL DEFAULT NULL,
  PRIMARY KEY (`ID_`) USING BTREE,
  INDEX `ACT_IDX_INC_CONFIGURATION`(`CONFIGURATION_`) USING BTREE,
  INDEX `ACT_IDX_INC_TENANT_ID`(`TENANT_ID_`) USING BTREE,
  INDEX `ACT_IDX_INC_JOB_DEF`(`JOB_DEF_ID_`) USING BTREE,
  INDEX `ACT_IDX_INC_CAUSEINCID`(`CAUSE_INCIDENT_ID_`) USING BTREE,
  INDEX `ACT_IDX_INC_EXID`(`EXECUTION_ID_`) USING BTREE,
  INDEX `ACT_IDX_INC_PROCDEFID`(`PROC_DEF_ID_`) USING BTREE,
  INDEX `ACT_IDX_INC_PROCINSTID`(`PROC_INST_ID_`) USING BTREE,
  INDEX `ACT_IDX_INC_ROOTCAUSEINCID`(`ROOT_CAUSE_INCIDENT_ID_`) USING BTREE,
  CONSTRAINT `ACT_FK_INC_CAUSE` FOREIGN KEY (`CAUSE_INCIDENT_ID_`) REFERENCES `act_ru_incident` (`ID_`) ON DELETE CASCADE ON UPDATE CASCADE,
  CONSTRAINT `ACT_FK_INC_EXE` FOREIGN KEY (`EXECUTION_ID_`) REFERENCES `act_ru_execution` (`ID_`) ON DELETE RESTRICT ON UPDATE RESTRICT,
  CONSTRAINT `ACT_FK_INC_JOB_DEF` FOREIGN KEY (`JOB_DEF_ID_`) REFERENCES `act_ru_jobdef` (`ID_`) ON DELETE RESTRICT ON UPDATE RESTRICT,
  CONSTRAINT `ACT_FK_INC_PROCDEF` FOREIGN KEY (`PROC_DEF_ID_`) REFERENCES `act_re_procdef` (`ID_`) ON DELETE RESTRICT ON UPDATE RESTRICT,
  CONSTRAINT `ACT_FK_INC_PROCINST` FOREIGN KEY (`PROC_INST_ID_`) REFERENCES `act_ru_execution` (`ID_`) ON DELETE RESTRICT ON UPDATE RESTRICT,
  CONSTRAINT `ACT_FK_INC_RCAUSE` FOREIGN KEY (`ROOT_CAUSE_INCIDENT_ID_`) REFERENCES `act_ru_incident` (`ID_`) ON DELETE CASCADE ON UPDATE CASCADE
) ENGINE = InnoDB CHARACTER SET = utf8 COLLATE = utf8_bin ROW_FORMAT = Dynamic;

-- ----------------------------
-- Records of act_ru_incident
-- ----------------------------

-- ----------------------------
-- Table structure for act_ru_job
-- ----------------------------
DROP TABLE IF EXISTS `act_ru_job`;
CREATE TABLE `act_ru_job`  (
  `ID_` varchar(64) CHARACTER SET utf8 COLLATE utf8_bin NOT NULL,
  `REV_` int(11) NULL DEFAULT NULL,
  `TYPE_` varchar(255) CHARACTER SET utf8 COLLATE utf8_bin NOT NULL,
  `LOCK_EXP_TIME_` datetime NULL DEFAULT NULL,
  `LOCK_OWNER_` varchar(255) CHARACTER SET utf8 COLLATE utf8_bin NULL DEFAULT NULL,
  `EXCLUSIVE_` tinyint(1) NULL DEFAULT NULL,
  `EXECUTION_ID_` varchar(64) CHARACTER SET utf8 COLLATE utf8_bin NULL DEFAULT NULL,
  `PROCESS_INSTANCE_ID_` varchar(64) CHARACTER SET utf8 COLLATE utf8_bin NULL DEFAULT NULL,
  `PROCESS_DEF_ID_` varchar(64) CHARACTER SET utf8 COLLATE utf8_bin NULL DEFAULT NULL,
  `PROCESS_DEF_KEY_` varchar(255) CHARACTER SET utf8 COLLATE utf8_bin NULL DEFAULT NULL,
  `RETRIES_` int(11) NULL DEFAULT NULL,
  `EXCEPTION_STACK_ID_` varchar(64) CHARACTER SET utf8 COLLATE utf8_bin NULL DEFAULT NULL,
  `EXCEPTION_MSG_` varchar(4000) CHARACTER SET utf8 COLLATE utf8_bin NULL DEFAULT NULL,
  `FAILED_ACT_ID_` varchar(255) CHARACTER SET utf8 COLLATE utf8_bin NULL DEFAULT NULL,
  `DUEDATE_` datetime NULL DEFAULT NULL,
  `REPEAT_` varchar(255) CHARACTER SET utf8 COLLATE utf8_bin NULL DEFAULT NULL,
  `REPEAT_OFFSET_` bigint(20) NULL DEFAULT 0,
  `HANDLER_TYPE_` varchar(255) CHARACTER SET utf8 COLLATE utf8_bin NULL DEFAULT NULL,
  `HANDLER_CFG_` varchar(4000) CHARACTER SET utf8 COLLATE utf8_bin NULL DEFAULT NULL,
  `DEPLOYMENT_ID_` varchar(64) CHARACTER SET utf8 COLLATE utf8_bin NULL DEFAULT NULL,
  `SUSPENSION_STATE_` int(11) NOT NULL DEFAULT 1,
  `JOB_DEF_ID_` varchar(64) CHARACTER SET utf8 COLLATE utf8_bin NULL DEFAULT NULL,
  `PRIORITY_` bigint(20) NOT NULL DEFAULT 0,
  `SEQUENCE_COUNTER_` bigint(20) NULL DEFAULT NULL,
  `TENANT_ID_` varchar(64) CHARACTER SET utf8 COLLATE utf8_bin NULL DEFAULT NULL,
  `CREATE_TIME_` datetime NULL DEFAULT NULL,
  PRIMARY KEY (`ID_`) USING BTREE,
  INDEX `ACT_IDX_JOB_EXECUTION_ID`(`EXECUTION_ID_`) USING BTREE,
  INDEX `ACT_IDX_JOB_HANDLER`(`HANDLER_TYPE_`(100), `HANDLER_CFG_`(155)) USING BTREE,
  INDEX `ACT_IDX_JOB_PROCINST`(`PROCESS_INSTANCE_ID_`) USING BTREE,
  INDEX `ACT_IDX_JOB_TENANT_ID`(`TENANT_ID_`) USING BTREE,
  INDEX `ACT_IDX_JOB_JOB_DEF_ID`(`JOB_DEF_ID_`) USING BTREE,
  INDEX `ACT_FK_JOB_EXCEPTION`(`EXCEPTION_STACK_ID_`) USING BTREE,
  INDEX `ACT_IDX_JOB_HANDLER_TYPE`(`HANDLER_TYPE_`) USING BTREE,
  CONSTRAINT `ACT_FK_JOB_EXCEPTION` FOREIGN KEY (`EXCEPTION_STACK_ID_`) REFERENCES `act_ge_bytearray` (`ID_`) ON DELETE RESTRICT ON UPDATE RESTRICT
) ENGINE = InnoDB CHARACTER SET = utf8 COLLATE = utf8_bin ROW_FORMAT = Dynamic;

-- ----------------------------
-- Records of act_ru_job
-- ----------------------------

-- ----------------------------
-- Table structure for act_ru_jobdef
-- ----------------------------
DROP TABLE IF EXISTS `act_ru_jobdef`;
CREATE TABLE `act_ru_jobdef`  (
  `ID_` varchar(64) CHARACTER SET utf8 COLLATE utf8_bin NOT NULL,
  `REV_` int(11) NULL DEFAULT NULL,
  `PROC_DEF_ID_` varchar(64) CHARACTER SET utf8 COLLATE utf8_bin NULL DEFAULT NULL,
  `PROC_DEF_KEY_` varchar(255) CHARACTER SET utf8 COLLATE utf8_bin NULL DEFAULT NULL,
  `ACT_ID_` varchar(255) CHARACTER SET utf8 COLLATE utf8_bin NULL DEFAULT NULL,
  `JOB_TYPE_` varchar(255) CHARACTER SET utf8 COLLATE utf8_bin NOT NULL,
  `JOB_CONFIGURATION_` varchar(255) CHARACTER SET utf8 COLLATE utf8_bin NULL DEFAULT NULL,
  `SUSPENSION_STATE_` int(11) NULL DEFAULT NULL,
  `JOB_PRIORITY_` bigint(20) NULL DEFAULT NULL,
  `TENANT_ID_` varchar(64) CHARACTER SET utf8 COLLATE utf8_bin NULL DEFAULT NULL,
  `DEPLOYMENT_ID_` varchar(64) CHARACTER SET utf8 COLLATE utf8_bin NULL DEFAULT NULL,
  PRIMARY KEY (`ID_`) USING BTREE,
  INDEX `ACT_IDX_JOBDEF_TENANT_ID`(`TENANT_ID_`) USING BTREE,
  INDEX `ACT_IDX_JOBDEF_PROC_DEF_ID`(`PROC_DEF_ID_`) USING BTREE
) ENGINE = InnoDB CHARACTER SET = utf8 COLLATE = utf8_bin ROW_FORMAT = Dynamic;

-- ----------------------------
-- Records of act_ru_jobdef
-- ----------------------------

-- ----------------------------
-- Table structure for act_ru_meter_log
-- ----------------------------
DROP TABLE IF EXISTS `act_ru_meter_log`;
CREATE TABLE `act_ru_meter_log`  (
  `ID_` varchar(64) CHARACTER SET utf8 COLLATE utf8_bin NOT NULL,
  `NAME_` varchar(64) CHARACTER SET utf8 COLLATE utf8_bin NOT NULL,
  `REPORTER_` varchar(255) CHARACTER SET utf8 COLLATE utf8_bin NULL DEFAULT NULL,
  `VALUE_` bigint(20) NULL DEFAULT NULL,
  `TIMESTAMP_` datetime NULL DEFAULT NULL,
  `MILLISECONDS_` bigint(20) NULL DEFAULT 0,
  PRIMARY KEY (`ID_`) USING BTREE,
  INDEX `ACT_IDX_METER_LOG_MS`(`MILLISECONDS_`) USING BTREE,
  INDEX `ACT_IDX_METER_LOG_NAME_MS`(`NAME_`, `MILLISECONDS_`) USING BTREE,
  INDEX `ACT_IDX_METER_LOG_REPORT`(`NAME_`, `REPORTER_`, `MILLISECONDS_`) USING BTREE,
  INDEX `ACT_IDX_METER_LOG_TIME`(`TIMESTAMP_`) USING BTREE,
  INDEX `ACT_IDX_METER_LOG`(`NAME_`, `TIMESTAMP_`) USING BTREE
) ENGINE = InnoDB CHARACTER SET = utf8 COLLATE = utf8_bin ROW_FORMAT = Dynamic;

-- ----------------------------
-- Records of act_ru_meter_log
-- ----------------------------
INSERT INTO `act_ru_meter_log` VALUES ('43e47326-0727-11f1-b7f4-0a0027000004', 'root-process-instance-start', '192.168.56.1$default', 0, '2026-02-11 16:54:25', 1770800064934);
INSERT INTO `act_ru_meter_log` VALUES ('43e47327-0727-11f1-b7f4-0a0027000004', 'activity-instance-start', '192.168.56.1$default', 0, '2026-02-11 16:54:25', 1770800064934);
INSERT INTO `act_ru_meter_log` VALUES ('43e47328-0727-11f1-b7f4-0a0027000004', 'job-acquired-failure', '192.168.56.1$default', 0, '2026-02-11 16:54:25', 1770800064934);
INSERT INTO `act_ru_meter_log` VALUES ('43e47329-0727-11f1-b7f4-0a0027000004', 'job-locked-exclusive', '192.168.56.1$default', 0, '2026-02-11 16:54:25', 1770800064934);
INSERT INTO `act_ru_meter_log` VALUES ('43e4732a-0727-11f1-b7f4-0a0027000004', 'job-execution-rejected', '192.168.56.1$default', 0, '2026-02-11 16:54:25', 1770800064934);
INSERT INTO `act_ru_meter_log` VALUES ('43e4732b-0727-11f1-b7f4-0a0027000004', 'executed-decision-elements', '192.168.56.1$default', 0, '2026-02-11 16:54:25', 1770800064934);
INSERT INTO `act_ru_meter_log` VALUES ('43e4732c-0727-11f1-b7f4-0a0027000004', 'activity-instance-end', '192.168.56.1$default', 0, '2026-02-11 16:54:25', 1770800064934);
INSERT INTO `act_ru_meter_log` VALUES ('43e4732d-0727-11f1-b7f4-0a0027000004', 'job-successful', '192.168.56.1$default', 0, '2026-02-11 16:54:25', 1770800064934);
INSERT INTO `act_ru_meter_log` VALUES ('43e4732e-0727-11f1-b7f4-0a0027000004', 'job-acquired-success', '192.168.56.1$default', 0, '2026-02-11 16:54:25', 1770800064934);
INSERT INTO `act_ru_meter_log` VALUES ('43e4732f-0727-11f1-b7f4-0a0027000004', 'job-acquisition-attempt', '192.168.56.1$default', 6, '2026-02-11 16:54:25', 1770800064934);
INSERT INTO `act_ru_meter_log` VALUES ('43e47330-0727-11f1-b7f4-0a0027000004', 'executed-decision-instances', '192.168.56.1$default', 0, '2026-02-11 16:54:25', 1770800064934);
INSERT INTO `act_ru_meter_log` VALUES ('43e47331-0727-11f1-b7f4-0a0027000004', 'job-failed', '192.168.56.1$default', 0, '2026-02-11 16:54:25', 1770800064934);
INSERT INTO `act_ru_meter_log` VALUES ('48a57db2-0727-11f1-b7f4-0a0027000004', 'root-process-instance-start', '192.168.56.1$default', 0, '2026-02-11 16:54:33', 1770800072911);
INSERT INTO `act_ru_meter_log` VALUES ('48a57db3-0727-11f1-b7f4-0a0027000004', 'activity-instance-start', '192.168.56.1$default', 0, '2026-02-11 16:54:33', 1770800072911);
INSERT INTO `act_ru_meter_log` VALUES ('48a57db4-0727-11f1-b7f4-0a0027000004', 'job-acquired-failure', '192.168.56.1$default', 0, '2026-02-11 16:54:33', 1770800072911);
INSERT INTO `act_ru_meter_log` VALUES ('48a57db5-0727-11f1-b7f4-0a0027000004', 'job-locked-exclusive', '192.168.56.1$default', 0, '2026-02-11 16:54:33', 1770800072911);
INSERT INTO `act_ru_meter_log` VALUES ('48a57db6-0727-11f1-b7f4-0a0027000004', 'job-execution-rejected', '192.168.56.1$default', 0, '2026-02-11 16:54:33', 1770800072911);
INSERT INTO `act_ru_meter_log` VALUES ('48a57db7-0727-11f1-b7f4-0a0027000004', 'executed-decision-elements', '192.168.56.1$default', 0, '2026-02-11 16:54:33', 1770800072911);
INSERT INTO `act_ru_meter_log` VALUES ('48a57db8-0727-11f1-b7f4-0a0027000004', 'activity-instance-end', '192.168.56.1$default', 0, '2026-02-11 16:54:33', 1770800072911);
INSERT INTO `act_ru_meter_log` VALUES ('48a57db9-0727-11f1-b7f4-0a0027000004', 'job-successful', '192.168.56.1$default', 0, '2026-02-11 16:54:33', 1770800072911);
INSERT INTO `act_ru_meter_log` VALUES ('48a57dba-0727-11f1-b7f4-0a0027000004', 'job-acquired-success', '192.168.56.1$default', 0, '2026-02-11 16:54:33', 1770800072911);
INSERT INTO `act_ru_meter_log` VALUES ('48a57dbb-0727-11f1-b7f4-0a0027000004', 'job-acquisition-attempt', '192.168.56.1$default', 1, '2026-02-11 16:54:33', 1770800072911);
INSERT INTO `act_ru_meter_log` VALUES ('48a57dbc-0727-11f1-b7f4-0a0027000004', 'executed-decision-instances', '192.168.56.1$default', 0, '2026-02-11 16:54:33', 1770800072911);
INSERT INTO `act_ru_meter_log` VALUES ('48a57dbd-0727-11f1-b7f4-0a0027000004', 'job-failed', '192.168.56.1$default', 0, '2026-02-11 16:54:33', 1770800072911);
INSERT INTO `act_ru_meter_log` VALUES ('4d31958e-0727-11f1-b7f4-0a0027000004', 'root-process-instance-start', '192.168.56.1$default', 0, '2026-02-11 16:54:41', 1770800080540);
INSERT INTO `act_ru_meter_log` VALUES ('4d31958f-0727-11f1-b7f4-0a0027000004', 'activity-instance-start', '192.168.56.1$default', 0, '2026-02-11 16:54:41', 1770800080540);
INSERT INTO `act_ru_meter_log` VALUES ('4d319590-0727-11f1-b7f4-0a0027000004', 'job-acquired-failure', '192.168.56.1$default', 0, '2026-02-11 16:54:41', 1770800080540);
INSERT INTO `act_ru_meter_log` VALUES ('4d319591-0727-11f1-b7f4-0a0027000004', 'job-locked-exclusive', '192.168.56.1$default', 0, '2026-02-11 16:54:41', 1770800080540);
INSERT INTO `act_ru_meter_log` VALUES ('4d319592-0727-11f1-b7f4-0a0027000004', 'job-execution-rejected', '192.168.56.1$default', 0, '2026-02-11 16:54:41', 1770800080540);
INSERT INTO `act_ru_meter_log` VALUES ('4d319593-0727-11f1-b7f4-0a0027000004', 'executed-decision-elements', '192.168.56.1$default', 0, '2026-02-11 16:54:41', 1770800080540);
INSERT INTO `act_ru_meter_log` VALUES ('4d319594-0727-11f1-b7f4-0a0027000004', 'activity-instance-end', '192.168.56.1$default', 0, '2026-02-11 16:54:41', 1770800080540);
INSERT INTO `act_ru_meter_log` VALUES ('4d319595-0727-11f1-b7f4-0a0027000004', 'job-successful', '192.168.56.1$default', 0, '2026-02-11 16:54:41', 1770800080540);
INSERT INTO `act_ru_meter_log` VALUES ('4d319596-0727-11f1-b7f4-0a0027000004', 'job-acquired-success', '192.168.56.1$default', 0, '2026-02-11 16:54:41', 1770800080540);
INSERT INTO `act_ru_meter_log` VALUES ('4d319597-0727-11f1-b7f4-0a0027000004', 'job-acquisition-attempt', '192.168.56.1$default', 1, '2026-02-11 16:54:41', 1770800080540);
INSERT INTO `act_ru_meter_log` VALUES ('4d319598-0727-11f1-b7f4-0a0027000004', 'executed-decision-instances', '192.168.56.1$default', 0, '2026-02-11 16:54:41', 1770800080540);
INSERT INTO `act_ru_meter_log` VALUES ('4d319599-0727-11f1-b7f4-0a0027000004', 'job-failed', '192.168.56.1$default', 0, '2026-02-11 16:54:41', 1770800080540);
INSERT INTO `act_ru_meter_log` VALUES ('e450ad1a-0726-11f1-b7f4-0a0027000004', 'root-process-instance-start', '192.168.56.1$default', 0, '2026-02-11 16:51:45', 1770799904582);
INSERT INTO `act_ru_meter_log` VALUES ('e450ad1b-0726-11f1-b7f4-0a0027000004', 'activity-instance-start', '192.168.56.1$default', 0, '2026-02-11 16:51:45', 1770799904582);
INSERT INTO `act_ru_meter_log` VALUES ('e450ad1c-0726-11f1-b7f4-0a0027000004', 'job-acquired-failure', '192.168.56.1$default', 0, '2026-02-11 16:51:45', 1770799904582);
INSERT INTO `act_ru_meter_log` VALUES ('e450ad1d-0726-11f1-b7f4-0a0027000004', 'job-locked-exclusive', '192.168.56.1$default', 0, '2026-02-11 16:51:45', 1770799904582);
INSERT INTO `act_ru_meter_log` VALUES ('e450ad1e-0726-11f1-b7f4-0a0027000004', 'job-execution-rejected', '192.168.56.1$default', 0, '2026-02-11 16:51:45', 1770799904582);
INSERT INTO `act_ru_meter_log` VALUES ('e450ad1f-0726-11f1-b7f4-0a0027000004', 'executed-decision-elements', '192.168.56.1$default', 0, '2026-02-11 16:51:45', 1770799904582);
INSERT INTO `act_ru_meter_log` VALUES ('e450ad20-0726-11f1-b7f4-0a0027000004', 'activity-instance-end', '192.168.56.1$default', 0, '2026-02-11 16:51:45', 1770799904582);
INSERT INTO `act_ru_meter_log` VALUES ('e450ad21-0726-11f1-b7f4-0a0027000004', 'job-successful', '192.168.56.1$default', 0, '2026-02-11 16:51:45', 1770799904582);
INSERT INTO `act_ru_meter_log` VALUES ('e450ad22-0726-11f1-b7f4-0a0027000004', 'job-acquired-success', '192.168.56.1$default', 0, '2026-02-11 16:51:45', 1770799904582);
INSERT INTO `act_ru_meter_log` VALUES ('e450ad23-0726-11f1-b7f4-0a0027000004', 'job-acquisition-attempt', '192.168.56.1$default', 5, '2026-02-11 16:51:45', 1770799904582);
INSERT INTO `act_ru_meter_log` VALUES ('e450ad24-0726-11f1-b7f4-0a0027000004', 'executed-decision-instances', '192.168.56.1$default', 0, '2026-02-11 16:51:45', 1770799904582);
INSERT INTO `act_ru_meter_log` VALUES ('e450ad25-0726-11f1-b7f4-0a0027000004', 'job-failed', '192.168.56.1$default', 0, '2026-02-11 16:51:45', 1770799904582);

-- ----------------------------
-- Table structure for act_ru_task
-- ----------------------------
DROP TABLE IF EXISTS `act_ru_task`;
CREATE TABLE `act_ru_task`  (
  `ID_` varchar(64) CHARACTER SET utf8 COLLATE utf8_bin NOT NULL,
  `REV_` int(11) NULL DEFAULT NULL,
  `EXECUTION_ID_` varchar(64) CHARACTER SET utf8 COLLATE utf8_bin NULL DEFAULT NULL,
  `PROC_INST_ID_` varchar(64) CHARACTER SET utf8 COLLATE utf8_bin NULL DEFAULT NULL,
  `PROC_DEF_ID_` varchar(64) CHARACTER SET utf8 COLLATE utf8_bin NULL DEFAULT NULL,
  `CASE_EXECUTION_ID_` varchar(64) CHARACTER SET utf8 COLLATE utf8_bin NULL DEFAULT NULL,
  `CASE_INST_ID_` varchar(64) CHARACTER SET utf8 COLLATE utf8_bin NULL DEFAULT NULL,
  `CASE_DEF_ID_` varchar(64) CHARACTER SET utf8 COLLATE utf8_bin NULL DEFAULT NULL,
  `NAME_` varchar(255) CHARACTER SET utf8 COLLATE utf8_bin NULL DEFAULT NULL,
  `PARENT_TASK_ID_` varchar(64) CHARACTER SET utf8 COLLATE utf8_bin NULL DEFAULT NULL,
  `DESCRIPTION_` varchar(4000) CHARACTER SET utf8 COLLATE utf8_bin NULL DEFAULT NULL,
  `TASK_DEF_KEY_` varchar(255) CHARACTER SET utf8 COLLATE utf8_bin NULL DEFAULT NULL,
  `OWNER_` varchar(255) CHARACTER SET utf8 COLLATE utf8_bin NULL DEFAULT NULL,
  `ASSIGNEE_` varchar(255) CHARACTER SET utf8 COLLATE utf8_bin NULL DEFAULT NULL,
  `DELEGATION_` varchar(64) CHARACTER SET utf8 COLLATE utf8_bin NULL DEFAULT NULL,
  `PRIORITY_` int(11) NULL DEFAULT NULL,
  `CREATE_TIME_` datetime NULL DEFAULT NULL,
  `DUE_DATE_` datetime NULL DEFAULT NULL,
  `FOLLOW_UP_DATE_` datetime NULL DEFAULT NULL,
  `SUSPENSION_STATE_` int(11) NULL DEFAULT NULL,
  `TENANT_ID_` varchar(64) CHARACTER SET utf8 COLLATE utf8_bin NULL DEFAULT NULL,
  PRIMARY KEY (`ID_`) USING BTREE,
  INDEX `ACT_IDX_TASK_CREATE`(`CREATE_TIME_`) USING BTREE,
  INDEX `ACT_IDX_TASK_ASSIGNEE`(`ASSIGNEE_`) USING BTREE,
  INDEX `ACT_IDX_TASK_OWNER`(`OWNER_`) USING BTREE,
  INDEX `ACT_IDX_TASK_TENANT_ID`(`TENANT_ID_`) USING BTREE,
  INDEX `ACT_FK_TASK_EXE`(`EXECUTION_ID_`) USING BTREE,
  INDEX `ACT_FK_TASK_PROCINST`(`PROC_INST_ID_`) USING BTREE,
  INDEX `ACT_FK_TASK_PROCDEF`(`PROC_DEF_ID_`) USING BTREE,
  INDEX `ACT_FK_TASK_CASE_EXE`(`CASE_EXECUTION_ID_`) USING BTREE,
  INDEX `ACT_FK_TASK_CASE_DEF`(`CASE_DEF_ID_`) USING BTREE,
  CONSTRAINT `ACT_FK_TASK_CASE_DEF` FOREIGN KEY (`CASE_DEF_ID_`) REFERENCES `act_re_case_def` (`ID_`) ON DELETE RESTRICT ON UPDATE RESTRICT,
  CONSTRAINT `ACT_FK_TASK_CASE_EXE` FOREIGN KEY (`CASE_EXECUTION_ID_`) REFERENCES `act_ru_case_execution` (`ID_`) ON DELETE RESTRICT ON UPDATE RESTRICT,
  CONSTRAINT `ACT_FK_TASK_EXE` FOREIGN KEY (`EXECUTION_ID_`) REFERENCES `act_ru_execution` (`ID_`) ON DELETE RESTRICT ON UPDATE RESTRICT,
  CONSTRAINT `ACT_FK_TASK_PROCDEF` FOREIGN KEY (`PROC_DEF_ID_`) REFERENCES `act_re_procdef` (`ID_`) ON DELETE RESTRICT ON UPDATE RESTRICT,
  CONSTRAINT `ACT_FK_TASK_PROCINST` FOREIGN KEY (`PROC_INST_ID_`) REFERENCES `act_ru_execution` (`ID_`) ON DELETE RESTRICT ON UPDATE RESTRICT
) ENGINE = InnoDB CHARACTER SET = utf8 COLLATE = utf8_bin ROW_FORMAT = Dynamic;

-- ----------------------------
-- Records of act_ru_task
-- ----------------------------

-- ----------------------------
-- Table structure for act_ru_task_meter_log
-- ----------------------------
DROP TABLE IF EXISTS `act_ru_task_meter_log`;
CREATE TABLE `act_ru_task_meter_log`  (
  `ID_` varchar(64) CHARACTER SET utf8 COLLATE utf8_bin NOT NULL,
  `ASSIGNEE_HASH_` bigint(20) NULL DEFAULT NULL,
  `TIMESTAMP_` datetime NULL DEFAULT NULL,
  PRIMARY KEY (`ID_`) USING BTREE,
  INDEX `ACT_IDX_TASK_METER_LOG_TIME`(`TIMESTAMP_`) USING BTREE
) ENGINE = InnoDB CHARACTER SET = utf8 COLLATE = utf8_bin ROW_FORMAT = Dynamic;

-- ----------------------------
-- Records of act_ru_task_meter_log
-- ----------------------------

-- ----------------------------
-- Table structure for act_ru_variable
-- ----------------------------
DROP TABLE IF EXISTS `act_ru_variable`;
CREATE TABLE `act_ru_variable`  (
  `ID_` varchar(64) CHARACTER SET utf8 COLLATE utf8_bin NOT NULL,
  `REV_` int(11) NULL DEFAULT NULL,
  `TYPE_` varchar(255) CHARACTER SET utf8 COLLATE utf8_bin NOT NULL,
  `NAME_` varchar(255) CHARACTER SET utf8 COLLATE utf8_bin NOT NULL,
  `EXECUTION_ID_` varchar(64) CHARACTER SET utf8 COLLATE utf8_bin NULL DEFAULT NULL,
  `PROC_INST_ID_` varchar(64) CHARACTER SET utf8 COLLATE utf8_bin NULL DEFAULT NULL,
  `PROC_DEF_ID_` varchar(64) CHARACTER SET utf8 COLLATE utf8_bin NULL DEFAULT NULL,
  `CASE_EXECUTION_ID_` varchar(64) CHARACTER SET utf8 COLLATE utf8_bin NULL DEFAULT NULL,
  `CASE_INST_ID_` varchar(64) CHARACTER SET utf8 COLLATE utf8_bin NULL DEFAULT NULL,
  `TASK_ID_` varchar(64) CHARACTER SET utf8 COLLATE utf8_bin NULL DEFAULT NULL,
  `BATCH_ID_` varchar(64) CHARACTER SET utf8 COLLATE utf8_bin NULL DEFAULT NULL,
  `BYTEARRAY_ID_` varchar(64) CHARACTER SET utf8 COLLATE utf8_bin NULL DEFAULT NULL,
  `DOUBLE_` double NULL DEFAULT NULL,
  `LONG_` bigint(20) NULL DEFAULT NULL,
  `TEXT_` varchar(4000) CHARACTER SET utf8 COLLATE utf8_bin NULL DEFAULT NULL,
  `TEXT2_` varchar(4000) CHARACTER SET utf8 COLLATE utf8_bin NULL DEFAULT NULL,
  `VAR_SCOPE_` varchar(64) CHARACTER SET utf8 COLLATE utf8_bin NOT NULL,
  `SEQUENCE_COUNTER_` bigint(20) NULL DEFAULT NULL,
  `IS_CONCURRENT_LOCAL_` tinyint(4) NULL DEFAULT NULL,
  `TENANT_ID_` varchar(64) CHARACTER SET utf8 COLLATE utf8_bin NULL DEFAULT NULL,
  PRIMARY KEY (`ID_`) USING BTREE,
  UNIQUE INDEX `ACT_UNIQ_VARIABLE`(`VAR_SCOPE_`, `NAME_`) USING BTREE,
  INDEX `ACT_IDX_VARIABLE_TASK_ID`(`TASK_ID_`) USING BTREE,
  INDEX `ACT_IDX_VARIABLE_TENANT_ID`(`TENANT_ID_`) USING BTREE,
  INDEX `ACT_IDX_VARIABLE_TASK_NAME_TYPE`(`TASK_ID_`, `NAME_`, `TYPE_`) USING BTREE,
  INDEX `ACT_FK_VAR_EXE`(`EXECUTION_ID_`) USING BTREE,
  INDEX `ACT_FK_VAR_PROCINST`(`PROC_INST_ID_`) USING BTREE,
  INDEX `ACT_FK_VAR_BYTEARRAY`(`BYTEARRAY_ID_`) USING BTREE,
  INDEX `ACT_IDX_BATCH_ID`(`BATCH_ID_`) USING BTREE,
  INDEX `ACT_FK_VAR_CASE_EXE`(`CASE_EXECUTION_ID_`) USING BTREE,
  INDEX `ACT_FK_VAR_CASE_INST`(`CASE_INST_ID_`) USING BTREE,
  CONSTRAINT `ACT_FK_VAR_BATCH` FOREIGN KEY (`BATCH_ID_`) REFERENCES `act_ru_batch` (`ID_`) ON DELETE RESTRICT ON UPDATE RESTRICT,
  CONSTRAINT `ACT_FK_VAR_BYTEARRAY` FOREIGN KEY (`BYTEARRAY_ID_`) REFERENCES `act_ge_bytearray` (`ID_`) ON DELETE RESTRICT ON UPDATE RESTRICT,
  CONSTRAINT `ACT_FK_VAR_CASE_EXE` FOREIGN KEY (`CASE_EXECUTION_ID_`) REFERENCES `act_ru_case_execution` (`ID_`) ON DELETE RESTRICT ON UPDATE RESTRICT,
  CONSTRAINT `ACT_FK_VAR_CASE_INST` FOREIGN KEY (`CASE_INST_ID_`) REFERENCES `act_ru_case_execution` (`ID_`) ON DELETE RESTRICT ON UPDATE RESTRICT,
  CONSTRAINT `ACT_FK_VAR_EXE` FOREIGN KEY (`EXECUTION_ID_`) REFERENCES `act_ru_execution` (`ID_`) ON DELETE RESTRICT ON UPDATE RESTRICT,
  CONSTRAINT `ACT_FK_VAR_PROCINST` FOREIGN KEY (`PROC_INST_ID_`) REFERENCES `act_ru_execution` (`ID_`) ON DELETE RESTRICT ON UPDATE RESTRICT
) ENGINE = InnoDB CHARACTER SET = utf8 COLLATE = utf8_bin ROW_FORMAT = Dynamic;

-- ----------------------------
-- Records of act_ru_variable
-- ----------------------------

-- ----------------------------
-- Table structure for gen_table
-- ----------------------------
DROP TABLE IF EXISTS `gen_table`;
CREATE TABLE `gen_table`  (
  `table_id` bigint(20) NOT NULL AUTO_INCREMENT COMMENT '',
  `table_name` varchar(200) CHARACTER SET utf8mb4 COLLATE utf8mb4_general_ci NULL DEFAULT '' COMMENT '',
  `table_comment` varchar(500) CHARACTER SET utf8mb4 COLLATE utf8mb4_general_ci NULL DEFAULT '' COMMENT '',
  `sub_table_name` varchar(64) CHARACTER SET utf8mb4 COLLATE utf8mb4_general_ci NULL DEFAULT NULL COMMENT '',
  `sub_table_fk_name` varchar(64) CHARACTER SET utf8mb4 COLLATE utf8mb4_general_ci NULL DEFAULT NULL COMMENT '',
  `class_name` varchar(100) CHARACTER SET utf8mb4 COLLATE utf8mb4_general_ci NULL DEFAULT '' COMMENT '',
  `tpl_category` varchar(200) CHARACTER SET utf8mb4 COLLATE utf8mb4_general_ci NULL DEFAULT 'crud' COMMENT 'crud tree sub',
  `package_name` varchar(100) CHARACTER SET utf8mb4 COLLATE utf8mb4_general_ci NULL DEFAULT NULL COMMENT '',
  `module_name` varchar(30) CHARACTER SET utf8mb4 COLLATE utf8mb4_general_ci NULL DEFAULT NULL COMMENT '',
  `business_name` varchar(30) CHARACTER SET utf8mb4 COLLATE utf8mb4_general_ci NULL DEFAULT NULL COMMENT '',
  `function_name` varchar(50) CHARACTER SET utf8mb4 COLLATE utf8mb4_general_ci NULL DEFAULT NULL COMMENT '',
  `function_author` varchar(50) CHARACTER SET utf8mb4 COLLATE utf8mb4_general_ci NULL DEFAULT NULL COMMENT '',
  `form_col_num` int(1) NULL DEFAULT 1 COMMENT '  ',
  `gen_type` char(1) CHARACTER SET utf8mb4 COLLATE utf8mb4_general_ci NULL DEFAULT '0' COMMENT '0zip 1',
  `gen_path` varchar(200) CHARACTER SET utf8mb4 COLLATE utf8mb4_general_ci NULL DEFAULT '/' COMMENT '',
  `options` varchar(1000) CHARACTER SET utf8mb4 COLLATE utf8mb4_general_ci NULL DEFAULT NULL COMMENT '',
  `create_by` varchar(64) CHARACTER SET utf8mb4 COLLATE utf8mb4_general_ci NULL DEFAULT '' COMMENT '',
  `create_time` datetime NULL DEFAULT NULL COMMENT '',
  `update_by` varchar(64) CHARACTER SET utf8mb4 COLLATE utf8mb4_general_ci NULL DEFAULT '' COMMENT '',
  `update_time` datetime NULL DEFAULT NULL COMMENT '',
  `remark` varchar(500) CHARACTER SET utf8mb4 COLLATE utf8mb4_general_ci NULL DEFAULT NULL COMMENT '',
  PRIMARY KEY (`table_id`) USING BTREE
) ENGINE = InnoDB AUTO_INCREMENT = 4 CHARACTER SET = utf8mb4 COLLATE = utf8mb4_general_ci COMMENT = '' ROW_FORMAT = Dynamic;

-- ----------------------------
-- Records of gen_table
-- ----------------------------
INSERT INTO `gen_table` VALUES (3, 'oa_qingjia', '', '', NULL, 'OaQingjia', 'crud', 'com.ruoyi.project.oa', 'oa', 'qingjia', '', 'ruoyi', 1, '0', '/', '{\"parentMenuId\":\"3013\",\"treeName\":\"\",\"treeParentCode\":\"\",\"parentMenuName\":\"\",\"treeCode\":\"\"}', 'admin', '2026-02-08 10:56:18', '', '2026-02-08 10:59:25', '');

-- ----------------------------
-- Table structure for gen_table_column
-- ----------------------------
DROP TABLE IF EXISTS `gen_table_column`;
CREATE TABLE `gen_table_column`  (
  `column_id` bigint(20) NOT NULL AUTO_INCREMENT COMMENT '',
  `table_id` bigint(20) NULL DEFAULT NULL COMMENT '',
  `column_name` varchar(200) CHARACTER SET utf8mb4 COLLATE utf8mb4_general_ci NULL DEFAULT NULL COMMENT '',
  `column_comment` varchar(500) CHARACTER SET utf8mb4 COLLATE utf8mb4_general_ci NULL DEFAULT NULL COMMENT '',
  `column_type` varchar(100) CHARACTER SET utf8mb4 COLLATE utf8mb4_general_ci NULL DEFAULT NULL COMMENT '',
  `java_type` varchar(500) CHARACTER SET utf8mb4 COLLATE utf8mb4_general_ci NULL DEFAULT NULL COMMENT 'JAVA',
  `java_field` varchar(200) CHARACTER SET utf8mb4 COLLATE utf8mb4_general_ci NULL DEFAULT NULL COMMENT 'JAVA',
  `is_pk` char(1) CHARACTER SET utf8mb4 COLLATE utf8mb4_general_ci NULL DEFAULT NULL COMMENT '1',
  `is_increment` char(1) CHARACTER SET utf8mb4 COLLATE utf8mb4_general_ci NULL DEFAULT NULL COMMENT '1',
  `is_required` char(1) CHARACTER SET utf8mb4 COLLATE utf8mb4_general_ci NULL DEFAULT NULL COMMENT '1',
  `is_insert` char(1) CHARACTER SET utf8mb4 COLLATE utf8mb4_general_ci NULL DEFAULT NULL COMMENT '1',
  `is_edit` char(1) CHARACTER SET utf8mb4 COLLATE utf8mb4_general_ci NULL DEFAULT NULL COMMENT '1',
  `is_list` char(1) CHARACTER SET utf8mb4 COLLATE utf8mb4_general_ci NULL DEFAULT NULL COMMENT '1',
  `is_query` char(1) CHARACTER SET utf8mb4 COLLATE utf8mb4_general_ci NULL DEFAULT NULL COMMENT '1',
  `query_type` varchar(200) CHARACTER SET utf8mb4 COLLATE utf8mb4_general_ci NULL DEFAULT 'EQ' COMMENT '',
  `html_type` varchar(200) CHARACTER SET utf8mb4 COLLATE utf8mb4_general_ci NULL DEFAULT NULL COMMENT '',
  `dict_type` varchar(200) CHARACTER SET utf8mb4 COLLATE utf8mb4_general_ci NULL DEFAULT '' COMMENT '',
  `sort` int(11) NULL DEFAULT NULL COMMENT '',
  `create_by` varchar(64) CHARACTER SET utf8mb4 COLLATE utf8mb4_general_ci NULL DEFAULT '' COMMENT '',
  `create_time` datetime NULL DEFAULT NULL COMMENT '',
  `update_by` varchar(64) CHARACTER SET utf8mb4 COLLATE utf8mb4_general_ci NULL DEFAULT '' COMMENT '',
  `update_time` datetime NULL DEFAULT NULL COMMENT '',
  PRIMARY KEY (`column_id`) USING BTREE
) ENGINE = InnoDB AUTO_INCREMENT = 28 CHARACTER SET = utf8mb4 COLLATE = utf8mb4_general_ci COMMENT = '' ROW_FORMAT = Dynamic;

-- ----------------------------
-- Records of gen_table_column
-- ----------------------------
INSERT INTO `gen_table_column` VALUES (19, 3, 'id', 'id', 'bigint(20)', 'String', 'id', '1', '0', NULL, '1', NULL, NULL, NULL, 'EQ', 'input', '', 1, 'admin', '2026-02-08 10:56:18', NULL, '2026-02-08 10:59:25');
INSERT INTO `gen_table_column` VALUES (20, 3, 'proc_inst_id', 'id', 'varchar(64)', 'String', 'procInstId', '0', '0', NULL, '1', '1', '1', '1', 'EQ', 'input', '', 2, 'admin', '2026-02-08 10:56:18', NULL, '2026-02-08 10:59:25');
INSERT INTO `gen_table_column` VALUES (21, 3, 'name', '', 'varchar(100)', 'String', 'name', '0', '0', NULL, '1', '1', '1', '1', 'LIKE', 'input', '', 3, 'admin', '2026-02-08 10:56:18', NULL, '2026-02-08 10:59:25');
INSERT INTO `gen_table_column` VALUES (22, 3, 'day', '', 'int(11)', 'Long', 'day', '0', '0', NULL, '1', '1', '1', '1', 'EQ', 'input', '', 4, 'admin', '2026-02-08 10:56:18', NULL, '2026-02-08 10:59:25');
INSERT INTO `gen_table_column` VALUES (23, 3, 'reason', '', 'varchar(500)', 'String', 'reason', '0', '0', NULL, '1', '1', '1', '1', 'EQ', 'textarea', '', 5, 'admin', '2026-02-08 10:56:18', NULL, '2026-02-08 10:59:25');
INSERT INTO `gen_table_column` VALUES (24, 3, 'create_by', '', 'varchar(64)', 'String', 'createBy', '0', '0', NULL, '1', NULL, NULL, NULL, 'EQ', 'input', '', 6, 'admin', '2026-02-08 10:56:18', NULL, '2026-02-08 10:59:25');
INSERT INTO `gen_table_column` VALUES (25, 3, 'create_time', '', 'datetime', 'Date', 'createTime', '0', '0', NULL, '1', NULL, NULL, NULL, 'EQ', 'datetime', '', 7, 'admin', '2026-02-08 10:56:18', NULL, '2026-02-08 10:59:25');
INSERT INTO `gen_table_column` VALUES (26, 3, 'update_by', '', 'varchar(64)', 'String', 'updateBy', '0', '0', NULL, '1', '1', NULL, NULL, 'EQ', 'input', '', 8, 'admin', '2026-02-08 10:56:18', NULL, '2026-02-08 10:59:25');
INSERT INTO `gen_table_column` VALUES (27, 3, 'update_time', '', 'datetime', 'Date', 'updateTime', '0', '0', NULL, '1', '1', NULL, NULL, 'EQ', 'datetime', '', 9, 'admin', '2026-02-08 10:56:18', NULL, '2026-02-08 10:59:25');

-- ----------------------------
-- Table structure for oa_qingjia
-- ----------------------------
DROP TABLE IF EXISTS `oa_qingjia`;
CREATE TABLE `oa_qingjia`  (
  `id` bigint(20) NOT NULL COMMENT 'id',
  `proc_inst_id` varchar(64) CHARACTER SET utf8mb4 COLLATE utf8mb4_general_ci NULL DEFAULT NULL COMMENT 'id',
  `status` char(1) CHARACTER SET utf32 COLLATE utf32_general_ci NULL DEFAULT NULL COMMENT '',
  `name` varchar(100) CHARACTER SET utf8mb4 COLLATE utf8mb4_general_ci NULL DEFAULT NULL COMMENT '',
  `day` int(11) NULL DEFAULT NULL COMMENT '',
  `quit_date` datetime NULL DEFAULT NULL COMMENT '',
  `reason` varchar(500) CHARACTER SET utf8mb4 COLLATE utf8mb4_general_ci NULL DEFAULT NULL COMMENT '',
  `create_by` varchar(64) CHARACTER SET utf8mb4 COLLATE utf8mb4_general_ci NULL DEFAULT '' COMMENT '',
  `create_time` datetime NULL DEFAULT NULL COMMENT '',
  `update_by` varchar(64) CHARACTER SET utf8mb4 COLLATE utf8mb4_general_ci NULL DEFAULT '' COMMENT '',
  `update_time` datetime NULL DEFAULT NULL COMMENT '',
  PRIMARY KEY (`id`) USING BTREE
) ENGINE = InnoDB CHARACTER SET = utf8mb4 COLLATE = utf8mb4_general_ci COMMENT = '' ROW_FORMAT = Dynamic;

-- ----------------------------
-- Records of oa_qingjia
-- ----------------------------

-- ----------------------------
-- Table structure for qrtz_blob_triggers
-- ----------------------------
DROP TABLE IF EXISTS `qrtz_blob_triggers`;
CREATE TABLE `qrtz_blob_triggers`  (
  `sched_name` varchar(120) CHARACTER SET utf8mb4 COLLATE utf8mb4_general_ci NOT NULL COMMENT '',
  `trigger_name` varchar(200) CHARACTER SET utf8mb4 COLLATE utf8mb4_general_ci NOT NULL COMMENT 'qrtz_triggerstrigger_name',
  `trigger_group` varchar(200) CHARACTER SET utf8mb4 COLLATE utf8mb4_general_ci NOT NULL COMMENT 'qrtz_triggerstrigger_group',
  `blob_data` blob NULL COMMENT 'Trigger',
  PRIMARY KEY (`sched_name`, `trigger_name`, `trigger_group`) USING BTREE,
  CONSTRAINT `qrtz_blob_triggers_ibfk_1` FOREIGN KEY (`sched_name`, `trigger_name`, `trigger_group`) REFERENCES `qrtz_triggers` (`sched_name`, `trigger_name`, `trigger_group`) ON DELETE RESTRICT ON UPDATE RESTRICT
) ENGINE = InnoDB CHARACTER SET = utf8mb4 COLLATE = utf8mb4_general_ci COMMENT = 'Blob' ROW_FORMAT = Dynamic;

-- ----------------------------
-- Records of qrtz_blob_triggers
-- ----------------------------

-- ----------------------------
-- Table structure for qrtz_calendars
-- ----------------------------
DROP TABLE IF EXISTS `qrtz_calendars`;
CREATE TABLE `qrtz_calendars`  (
  `sched_name` varchar(120) CHARACTER SET utf8mb4 COLLATE utf8mb4_general_ci NOT NULL COMMENT '',
  `calendar_name` varchar(200) CHARACTER SET utf8mb4 COLLATE utf8mb4_general_ci NOT NULL COMMENT '',
  `calendar` blob NOT NULL COMMENT 'calendar',
  PRIMARY KEY (`sched_name`, `calendar_name`) USING BTREE
) ENGINE = InnoDB CHARACTER SET = utf8mb4 COLLATE = utf8mb4_general_ci COMMENT = '' ROW_FORMAT = Dynamic;

-- ----------------------------
-- Records of qrtz_calendars
-- ----------------------------

-- ----------------------------
-- Table structure for qrtz_cron_triggers
-- ----------------------------
DROP TABLE IF EXISTS `qrtz_cron_triggers`;
CREATE TABLE `qrtz_cron_triggers`  (
  `sched_name` varchar(120) CHARACTER SET utf8mb4 COLLATE utf8mb4_general_ci NOT NULL COMMENT '',
  `trigger_name` varchar(200) CHARACTER SET utf8mb4 COLLATE utf8mb4_general_ci NOT NULL COMMENT 'qrtz_triggerstrigger_name',
  `trigger_group` varchar(200) CHARACTER SET utf8mb4 COLLATE utf8mb4_general_ci NOT NULL COMMENT 'qrtz_triggerstrigger_group',
  `cron_expression` varchar(200) CHARACTER SET utf8mb4 COLLATE utf8mb4_general_ci NOT NULL COMMENT 'cron',
  `time_zone_id` varchar(80) CHARACTER SET utf8mb4 COLLATE utf8mb4_general_ci NULL DEFAULT NULL COMMENT '',
  PRIMARY KEY (`sched_name`, `trigger_name`, `trigger_group`) USING BTREE,
  CONSTRAINT `qrtz_cron_triggers_ibfk_1` FOREIGN KEY (`sched_name`, `trigger_name`, `trigger_group`) REFERENCES `qrtz_triggers` (`sched_name`, `trigger_name`, `trigger_group`) ON DELETE RESTRICT ON UPDATE RESTRICT
) ENGINE = InnoDB CHARACTER SET = utf8mb4 COLLATE = utf8mb4_general_ci COMMENT = 'Cron' ROW_FORMAT = Dynamic;

-- ----------------------------
-- Records of qrtz_cron_triggers
-- ----------------------------

-- ----------------------------
-- Table structure for qrtz_fired_triggers
-- ----------------------------
DROP TABLE IF EXISTS `qrtz_fired_triggers`;
CREATE TABLE `qrtz_fired_triggers`  (
  `sched_name` varchar(120) CHARACTER SET utf8mb4 COLLATE utf8mb4_general_ci NOT NULL COMMENT '',
  `entry_id` varchar(95) CHARACTER SET utf8mb4 COLLATE utf8mb4_general_ci NOT NULL COMMENT 'id',
  `trigger_name` varchar(200) CHARACTER SET utf8mb4 COLLATE utf8mb4_general_ci NOT NULL COMMENT 'qrtz_triggerstrigger_name',
  `trigger_group` varchar(200) CHARACTER SET utf8mb4 COLLATE utf8mb4_general_ci NOT NULL COMMENT 'qrtz_triggerstrigger_group',
  `instance_name` varchar(200) CHARACTER SET utf8mb4 COLLATE utf8mb4_general_ci NOT NULL COMMENT '',
  `fired_time` bigint(13) NOT NULL COMMENT '',
  `sched_time` bigint(13) NOT NULL COMMENT '',
  `priority` int(11) NOT NULL COMMENT '',
  `state` varchar(16) CHARACTER SET utf8mb4 COLLATE utf8mb4_general_ci NOT NULL COMMENT '',
  `job_name` varchar(200) CHARACTER SET utf8mb4 COLLATE utf8mb4_general_ci NULL DEFAULT NULL COMMENT '',
  `job_group` varchar(200) CHARACTER SET utf8mb4 COLLATE utf8mb4_general_ci NULL DEFAULT NULL COMMENT '',
  `is_nonconcurrent` varchar(1) CHARACTER SET utf8mb4 COLLATE utf8mb4_general_ci NULL DEFAULT NULL COMMENT '',
  `requests_recovery` varchar(1) CHARACTER SET utf8mb4 COLLATE utf8mb4_general_ci NULL DEFAULT NULL COMMENT '',
  PRIMARY KEY (`sched_name`, `entry_id`) USING BTREE
) ENGINE = InnoDB CHARACTER SET = utf8mb4 COLLATE = utf8mb4_general_ci COMMENT = '' ROW_FORMAT = Dynamic;

-- ----------------------------
-- Records of qrtz_fired_triggers
-- ----------------------------

-- ----------------------------
-- Table structure for qrtz_job_details
-- ----------------------------
DROP TABLE IF EXISTS `qrtz_job_details`;
CREATE TABLE `qrtz_job_details`  (
  `sched_name` varchar(120) CHARACTER SET utf8mb4 COLLATE utf8mb4_general_ci NOT NULL COMMENT '',
  `job_name` varchar(200) CHARACTER SET utf8mb4 COLLATE utf8mb4_general_ci NOT NULL COMMENT '',
  `job_group` varchar(200) CHARACTER SET utf8mb4 COLLATE utf8mb4_general_ci NOT NULL COMMENT '',
  `description` varchar(250) CHARACTER SET utf8mb4 COLLATE utf8mb4_general_ci NULL DEFAULT NULL COMMENT '',
  `job_class_name` varchar(250) CHARACTER SET utf8mb4 COLLATE utf8mb4_general_ci NOT NULL COMMENT '',
  `is_durable` varchar(1) CHARACTER SET utf8mb4 COLLATE utf8mb4_general_ci NOT NULL COMMENT '',
  `is_nonconcurrent` varchar(1) CHARACTER SET utf8mb4 COLLATE utf8mb4_general_ci NOT NULL COMMENT '',
  `is_update_data` varchar(1) CHARACTER SET utf8mb4 COLLATE utf8mb4_general_ci NOT NULL COMMENT '',
  `requests_recovery` varchar(1) CHARACTER SET utf8mb4 COLLATE utf8mb4_general_ci NOT NULL COMMENT '',
  `job_data` blob NULL COMMENT 'job',
  PRIMARY KEY (`sched_name`, `job_name`, `job_group`) USING BTREE
) ENGINE = InnoDB CHARACTER SET = utf8mb4 COLLATE = utf8mb4_general_ci COMMENT = '' ROW_FORMAT = Dynamic;

-- ----------------------------
-- Records of qrtz_job_details
-- ----------------------------

-- ----------------------------
-- Table structure for qrtz_locks
-- ----------------------------
DROP TABLE IF EXISTS `qrtz_locks`;
CREATE TABLE `qrtz_locks`  (
  `sched_name` varchar(120) CHARACTER SET utf8mb4 COLLATE utf8mb4_general_ci NOT NULL COMMENT '',
  `lock_name` varchar(40) CHARACTER SET utf8mb4 COLLATE utf8mb4_general_ci NOT NULL COMMENT '',
  PRIMARY KEY (`sched_name`, `lock_name`) USING BTREE
) ENGINE = InnoDB CHARACTER SET = utf8mb4 COLLATE = utf8mb4_general_ci COMMENT = '' ROW_FORMAT = Dynamic;

-- ----------------------------
-- Records of qrtz_locks
-- ----------------------------

-- ----------------------------
-- Table structure for qrtz_paused_trigger_grps
-- ----------------------------
DROP TABLE IF EXISTS `qrtz_paused_trigger_grps`;
CREATE TABLE `qrtz_paused_trigger_grps`  (
  `sched_name` varchar(120) CHARACTER SET utf8mb4 COLLATE utf8mb4_general_ci NOT NULL COMMENT '',
  `trigger_group` varchar(200) CHARACTER SET utf8mb4 COLLATE utf8mb4_general_ci NOT NULL COMMENT 'qrtz_triggerstrigger_group',
  PRIMARY KEY (`sched_name`, `trigger_group`) USING BTREE
) ENGINE = InnoDB CHARACTER SET = utf8mb4 COLLATE = utf8mb4_general_ci COMMENT = '' ROW_FORMAT = Dynamic;

-- ----------------------------
-- Records of qrtz_paused_trigger_grps
-- ----------------------------

-- ----------------------------
-- Table structure for qrtz_scheduler_state
-- ----------------------------
DROP TABLE IF EXISTS `qrtz_scheduler_state`;
CREATE TABLE `qrtz_scheduler_state`  (
  `sched_name` varchar(120) CHARACTER SET utf8mb4 COLLATE utf8mb4_general_ci NOT NULL COMMENT '',
  `instance_name` varchar(200) CHARACTER SET utf8mb4 COLLATE utf8mb4_general_ci NOT NULL COMMENT '',
  `last_checkin_time` bigint(13) NOT NULL COMMENT '',
  `checkin_interval` bigint(13) NOT NULL COMMENT '',
  PRIMARY KEY (`sched_name`, `instance_name`) USING BTREE
) ENGINE = InnoDB CHARACTER SET = utf8mb4 COLLATE = utf8mb4_general_ci COMMENT = '' ROW_FORMAT = Dynamic;

-- ----------------------------
-- Records of qrtz_scheduler_state
-- ----------------------------

-- ----------------------------
-- Table structure for qrtz_simple_triggers
-- ----------------------------
DROP TABLE IF EXISTS `qrtz_simple_triggers`;
CREATE TABLE `qrtz_simple_triggers`  (
  `sched_name` varchar(120) CHARACTER SET utf8mb4 COLLATE utf8mb4_general_ci NOT NULL COMMENT '',
  `trigger_name` varchar(200) CHARACTER SET utf8mb4 COLLATE utf8mb4_general_ci NOT NULL COMMENT 'qrtz_triggerstrigger_name',
  `trigger_group` varchar(200) CHARACTER SET utf8mb4 COLLATE utf8mb4_general_ci NOT NULL COMMENT 'qrtz_triggerstrigger_group',
  `repeat_count` bigint(7) NOT NULL COMMENT '',
  `repeat_interval` bigint(12) NOT NULL COMMENT '',
  `times_triggered` bigint(10) NOT NULL COMMENT '',
  PRIMARY KEY (`sched_name`, `trigger_name`, `trigger_group`) USING BTREE,
  CONSTRAINT `qrtz_simple_triggers_ibfk_1` FOREIGN KEY (`sched_name`, `trigger_name`, `trigger_group`) REFERENCES `qrtz_triggers` (`sched_name`, `trigger_name`, `trigger_group`) ON DELETE RESTRICT ON UPDATE RESTRICT
) ENGINE = InnoDB CHARACTER SET = utf8mb4 COLLATE = utf8mb4_general_ci COMMENT = '' ROW_FORMAT = Dynamic;

-- ----------------------------
-- Records of qrtz_simple_triggers
-- ----------------------------

-- ----------------------------
-- Table structure for qrtz_simprop_triggers
-- ----------------------------
DROP TABLE IF EXISTS `qrtz_simprop_triggers`;
CREATE TABLE `qrtz_simprop_triggers`  (
  `sched_name` varchar(120) CHARACTER SET utf8mb4 COLLATE utf8mb4_general_ci NOT NULL COMMENT '',
  `trigger_name` varchar(200) CHARACTER SET utf8mb4 COLLATE utf8mb4_general_ci NOT NULL COMMENT 'qrtz_triggerstrigger_name',
  `trigger_group` varchar(200) CHARACTER SET utf8mb4 COLLATE utf8mb4_general_ci NOT NULL COMMENT 'qrtz_triggerstrigger_group',
  `str_prop_1` varchar(512) CHARACTER SET utf8mb4 COLLATE utf8mb4_general_ci NULL DEFAULT NULL COMMENT 'Stringtrigger',
  `str_prop_2` varchar(512) CHARACTER SET utf8mb4 COLLATE utf8mb4_general_ci NULL DEFAULT NULL COMMENT 'Stringtrigger',
  `str_prop_3` varchar(512) CHARACTER SET utf8mb4 COLLATE utf8mb4_general_ci NULL DEFAULT NULL COMMENT 'Stringtrigger',
  `int_prop_1` int(11) NULL DEFAULT NULL COMMENT 'inttrigger',
  `int_prop_2` int(11) NULL DEFAULT NULL COMMENT 'inttrigger',
  `long_prop_1` bigint(20) NULL DEFAULT NULL COMMENT 'longtrigger',
  `long_prop_2` bigint(20) NULL DEFAULT NULL COMMENT 'longtrigger',
  `dec_prop_1` decimal(13, 4) NULL DEFAULT NULL COMMENT 'decimaltrigger',
  `dec_prop_2` decimal(13, 4) NULL DEFAULT NULL COMMENT 'decimaltrigger',
  `bool_prop_1` varchar(1) CHARACTER SET utf8mb4 COLLATE utf8mb4_general_ci NULL DEFAULT NULL COMMENT 'Booleantrigger',
  `bool_prop_2` varchar(1) CHARACTER SET utf8mb4 COLLATE utf8mb4_general_ci NULL DEFAULT NULL COMMENT 'Booleantrigger',
  PRIMARY KEY (`sched_name`, `trigger_name`, `trigger_group`) USING BTREE,
  CONSTRAINT `qrtz_simprop_triggers_ibfk_1` FOREIGN KEY (`sched_name`, `trigger_name`, `trigger_group`) REFERENCES `qrtz_triggers` (`sched_name`, `trigger_name`, `trigger_group`) ON DELETE RESTRICT ON UPDATE RESTRICT
) ENGINE = InnoDB CHARACTER SET = utf8mb4 COLLATE = utf8mb4_general_ci COMMENT = '' ROW_FORMAT = Dynamic;

-- ----------------------------
-- Records of qrtz_simprop_triggers
-- ----------------------------

-- ----------------------------
-- Table structure for qrtz_triggers
-- ----------------------------
DROP TABLE IF EXISTS `qrtz_triggers`;
CREATE TABLE `qrtz_triggers`  (
  `sched_name` varchar(120) CHARACTER SET utf8mb4 COLLATE utf8mb4_general_ci NOT NULL COMMENT '',
  `trigger_name` varchar(200) CHARACTER SET utf8mb4 COLLATE utf8mb4_general_ci NOT NULL COMMENT '',
  `trigger_group` varchar(200) CHARACTER SET utf8mb4 COLLATE utf8mb4_general_ci NOT NULL COMMENT '',
  `job_name` varchar(200) CHARACTER SET utf8mb4 COLLATE utf8mb4_general_ci NOT NULL COMMENT 'qrtz_job_detailsjob_name',
  `job_group` varchar(200) CHARACTER SET utf8mb4 COLLATE utf8mb4_general_ci NOT NULL COMMENT 'qrtz_job_detailsjob_group',
  `description` varchar(250) CHARACTER SET utf8mb4 COLLATE utf8mb4_general_ci NULL DEFAULT NULL COMMENT '',
  `next_fire_time` bigint(13) NULL DEFAULT NULL COMMENT '',
  `prev_fire_time` bigint(13) NULL DEFAULT NULL COMMENT '-1',
  `priority` int(11) NULL DEFAULT NULL COMMENT '',
  `trigger_state` varchar(16) CHARACTER SET utf8mb4 COLLATE utf8mb4_general_ci NOT NULL COMMENT '',
  `trigger_type` varchar(8) CHARACTER SET utf8mb4 COLLATE utf8mb4_general_ci NOT NULL COMMENT '',
  `start_time` bigint(13) NOT NULL COMMENT '',
  `end_time` bigint(13) NULL DEFAULT NULL COMMENT '',
  `calendar_name` varchar(200) CHARACTER SET utf8mb4 COLLATE utf8mb4_general_ci NULL DEFAULT NULL COMMENT '',
  `misfire_instr` smallint(2) NULL DEFAULT NULL COMMENT '',
  `job_data` blob NULL COMMENT 'job',
  PRIMARY KEY (`sched_name`, `trigger_name`, `trigger_group`) USING BTREE,
  INDEX `sched_name`(`sched_name`, `job_name`, `job_group`) USING BTREE,
  CONSTRAINT `qrtz_triggers_ibfk_1` FOREIGN KEY (`sched_name`, `job_name`, `job_group`) REFERENCES `qrtz_job_details` (`sched_name`, `job_name`, `job_group`) ON DELETE RESTRICT ON UPDATE RESTRICT
) ENGINE = InnoDB CHARACTER SET = utf8mb4 COLLATE = utf8mb4_general_ci COMMENT = '' ROW_FORMAT = Dynamic;

-- ----------------------------
-- Records of qrtz_triggers
-- ----------------------------

-- ----------------------------
-- Table structure for sys_config
-- ----------------------------
DROP TABLE IF EXISTS `sys_config`;
CREATE TABLE `sys_config`  (
  `config_id` int(5) NOT NULL AUTO_INCREMENT COMMENT '',
  `config_name` varchar(100) CHARACTER SET utf8mb4 COLLATE utf8mb4_general_ci NULL DEFAULT '' COMMENT '',
  `config_key` varchar(100) CHARACTER SET utf8mb4 COLLATE utf8mb4_general_ci NULL DEFAULT '' COMMENT '',
  `config_value` varchar(500) CHARACTER SET utf8mb4 COLLATE utf8mb4_general_ci NULL DEFAULT '' COMMENT '',
  `config_type` char(1) CHARACTER SET utf8mb4 COLLATE utf8mb4_general_ci NULL DEFAULT 'N' COMMENT 'Y N',
  `create_by` varchar(64) CHARACTER SET utf8mb4 COLLATE utf8mb4_general_ci NULL DEFAULT '' COMMENT '',
  `create_time` datetime NULL DEFAULT NULL COMMENT '',
  `update_by` varchar(64) CHARACTER SET utf8mb4 COLLATE utf8mb4_general_ci NULL DEFAULT '' COMMENT '',
  `update_time` datetime NULL DEFAULT NULL COMMENT '',
  `remark` varchar(500) CHARACTER SET utf8mb4 COLLATE utf8mb4_general_ci NULL DEFAULT NULL COMMENT '',
  PRIMARY KEY (`config_id`) USING BTREE
) ENGINE = InnoDB AUTO_INCREMENT = 13 CHARACTER SET = utf8mb4 COLLATE = utf8mb4_general_ci COMMENT = '' ROW_FORMAT = Dynamic;

-- ----------------------------
-- Records of sys_config
-- ----------------------------
INSERT INTO `sys_config` VALUES (1, '-', 'sys.index.skinName', 'skin-blue', 'Y', 'admin', '2024-01-15 15:37:18', '', NULL, ' skin-blue skin-green skin-purple skin-red skin-yellow');
INSERT INTO `sys_config` VALUES (2, '-', 'sys.user.initPassword', '123456', 'Y', 'admin', '2024-01-15 15:37:18', '', NULL, ' 123456');
INSERT INTO `sys_config` VALUES (3, '-', 'sys.index.sideTheme', 'theme-dark', 'Y', 'admin', '2024-01-15 15:37:18', '', NULL, 'theme-darktheme-lighttheme-blue');
INSERT INTO `sys_config` VALUES (4, '-', 'sys.account.registerUser', 'false', 'Y', 'admin', '2024-01-15 15:37:18', '', NULL, 'truefalse');
INSERT INTO `sys_config` VALUES (5, '-', 'sys.account.chrtype', '0', 'Y', 'admin', '2024-01-15 15:37:18', '', NULL, '010-92a-zA-Z3,4~!@#$%^&*()-=_+');
INSERT INTO `sys_config` VALUES (6, '-', 'sys.account.initPasswordModify', '1', 'Y', 'admin', '2024-01-15 15:37:18', '', NULL, '01');
INSERT INTO `sys_config` VALUES (7, '-', 'sys.account.passwordValidateDays', '0', 'Y', 'admin', '2024-01-15 15:37:18', '', NULL, '00365');
INSERT INTO `sys_config` VALUES (8, '-', 'sys.index.menuStyle', 'default', 'Y', 'admin', '2024-01-15 15:37:18', '', NULL, 'defaulttopnav');
INSERT INTO `sys_config` VALUES (9, '-', 'sys.index.footer', 'true', 'Y', 'admin', '2024-01-15 15:37:18', '', NULL, 'truefalse');
INSERT INTO `sys_config` VALUES (10, '-', 'sys.index.tagsView', 'true', 'Y', 'admin', '2024-01-15 15:37:18', '', NULL, 'truefalse');
INSERT INTO `sys_config` VALUES (11, '-', 'sys.login.blackIPList', '', 'Y', 'admin', '2024-01-15 15:37:18', '', NULL, 'IP;*');
INSERT INTO `sys_config` VALUES (12, '-', 'bpmn.online.url', 'https://camunda.com/download/modeler/', 'Y', 'admin', '2026-02-07 09:35:53', 'admin', '2026-02-07 10:37:47', '');

-- ----------------------------
-- Table structure for sys_dept
-- ----------------------------
DROP TABLE IF EXISTS `sys_dept`;
CREATE TABLE `sys_dept`  (
  `dept_id` bigint(20) NOT NULL AUTO_INCREMENT COMMENT 'id',
  `parent_id` bigint(20) NULL DEFAULT 0 COMMENT 'id',
  `ancestors` varchar(50) CHARACTER SET utf8mb4 COLLATE utf8mb4_general_ci NULL DEFAULT '' COMMENT '',
  `dept_name` varchar(30) CHARACTER SET utf8mb4 COLLATE utf8mb4_general_ci NULL DEFAULT '' COMMENT '',
  `order_num` int(4) NULL DEFAULT 0 COMMENT '',
  `leader` varchar(20) CHARACTER SET utf8mb4 COLLATE utf8mb4_general_ci NULL DEFAULT NULL COMMENT '',
  `phone` varchar(11) CHARACTER SET utf8mb4 COLLATE utf8mb4_general_ci NULL DEFAULT NULL COMMENT '',
  `email` varchar(50) CHARACTER SET utf8mb4 COLLATE utf8mb4_general_ci NULL DEFAULT NULL COMMENT '',
  `status` char(1) CHARACTER SET utf8mb4 COLLATE utf8mb4_general_ci NULL DEFAULT '0' COMMENT '0 1',
  `del_flag` char(1) CHARACTER SET utf8mb4 COLLATE utf8mb4_general_ci NULL DEFAULT '0' COMMENT '0 2',
  `create_by` varchar(64) CHARACTER SET utf8mb4 COLLATE utf8mb4_general_ci NULL DEFAULT '' COMMENT '',
  `create_time` datetime NULL DEFAULT NULL COMMENT '',
  `update_by` varchar(64) CHARACTER SET utf8mb4 COLLATE utf8mb4_general_ci NULL DEFAULT '' COMMENT '',
  `update_time` datetime NULL DEFAULT NULL COMMENT '',
  PRIMARY KEY (`dept_id`) USING BTREE
) ENGINE = InnoDB AUTO_INCREMENT = 110 CHARACTER SET = utf8mb4 COLLATE = utf8mb4_general_ci COMMENT = '' ROW_FORMAT = Dynamic;

-- ----------------------------
-- Records of sys_dept
-- ----------------------------
INSERT INTO `sys_dept` VALUES (100, 0, '0', '', 0, '', '15888888888', 'ry@qq.com', '0', '0', 'admin', '2024-01-15 15:37:17', '', NULL);
INSERT INTO `sys_dept` VALUES (101, 100, '0,100', '', 1, '', '15888888888', 'ry@qq.com', '0', '0', 'admin', '2024-01-15 15:37:17', '', NULL);
INSERT INTO `sys_dept` VALUES (102, 100, '0,100', '', 2, '', '15888888888', 'ry@qq.com', '0', '0', 'admin', '2024-01-15 15:37:17', '', NULL);
INSERT INTO `sys_dept` VALUES (103, 101, '0,100,101', '', 1, '', '15888888888', 'ry@qq.com', '0', '0', 'admin', '2024-01-15 15:37:17', '', NULL);
INSERT INTO `sys_dept` VALUES (104, 101, '0,100,101', '', 2, '', '15888888888', 'ry@qq.com', '0', '0', 'admin', '2024-01-15 15:37:17', '', NULL);
INSERT INTO `sys_dept` VALUES (105, 101, '0,100,101', '', 3, '', '15888888888', 'ry@qq.com', '0', '0', 'admin', '2024-01-15 15:37:17', '', NULL);
INSERT INTO `sys_dept` VALUES (106, 101, '0,100,101', '', 4, '', '15888888888', 'ry@qq.com', '0', '0', 'admin', '2024-01-15 15:37:17', '', NULL);
INSERT INTO `sys_dept` VALUES (107, 101, '0,100,101', '', 5, '', '15888888888', 'ry@qq.com', '0', '0', 'admin', '2024-01-15 15:37:17', '', NULL);
INSERT INTO `sys_dept` VALUES (108, 102, '0,100,102', '', 1, '', '15888888888', 'ry@qq.com', '0', '0', 'admin', '2024-01-15 15:37:17', '', NULL);
INSERT INTO `sys_dept` VALUES (109, 102, '0,100,102', '', 2, '', '15888888888', 'ry@qq.com', '0', '0', 'admin', '2024-01-15 15:37:17', '', NULL);

-- ----------------------------
-- Table structure for sys_dict_data
-- ----------------------------
DROP TABLE IF EXISTS `sys_dict_data`;
CREATE TABLE `sys_dict_data`  (
  `dict_code` bigint(20) NOT NULL AUTO_INCREMENT COMMENT '',
  `dict_sort` int(4) NULL DEFAULT 0 COMMENT '',
  `dict_label` varchar(100) CHARACTER SET utf8mb4 COLLATE utf8mb4_general_ci NULL DEFAULT '' COMMENT '',
  `dict_value` varchar(100) CHARACTER SET utf8mb4 COLLATE utf8mb4_general_ci NULL DEFAULT '' COMMENT '',
  `dict_type` varchar(100) CHARACTER SET utf8mb4 COLLATE utf8mb4_general_ci NULL DEFAULT '' COMMENT '',
  `css_class` varchar(100) CHARACTER SET utf8mb4 COLLATE utf8mb4_general_ci NULL DEFAULT NULL COMMENT '',
  `list_class` varchar(100) CHARACTER SET utf8mb4 COLLATE utf8mb4_general_ci NULL DEFAULT NULL COMMENT '',
  `is_default` char(1) CHARACTER SET utf8mb4 COLLATE utf8mb4_general_ci NULL DEFAULT 'N' COMMENT 'Y N',
  `status` char(1) CHARACTER SET utf8mb4 COLLATE utf8mb4_general_ci NULL DEFAULT '0' COMMENT '0 1',
  `create_by` varchar(64) CHARACTER SET utf8mb4 COLLATE utf8mb4_general_ci NULL DEFAULT '' COMMENT '',
  `create_time` datetime NULL DEFAULT NULL COMMENT '',
  `update_by` varchar(64) CHARACTER SET utf8mb4 COLLATE utf8mb4_general_ci NULL DEFAULT '' COMMENT '',
  `update_time` datetime NULL DEFAULT NULL COMMENT '',
  `remark` varchar(500) CHARACTER SET utf8mb4 COLLATE utf8mb4_general_ci NULL DEFAULT NULL COMMENT '',
  PRIMARY KEY (`dict_code`) USING BTREE
) ENGINE = InnoDB AUTO_INCREMENT = 35 CHARACTER SET = utf8mb4 COLLATE = utf8mb4_general_ci COMMENT = '' ROW_FORMAT = Dynamic;

-- ----------------------------
-- Records of sys_dict_data
-- ----------------------------
INSERT INTO `sys_dict_data` VALUES (1, 1, '', '0', 'sys_user_sex', '', '', 'Y', '0', 'admin', '2024-01-15 15:37:18', '', NULL, '');
INSERT INTO `sys_dict_data` VALUES (2, 2, '', '1', 'sys_user_sex', '', '', 'N', '0', 'admin', '2024-01-15 15:37:18', '', NULL, '');
INSERT INTO `sys_dict_data` VALUES (3, 3, '', '2', 'sys_user_sex', '', '', 'N', '0', 'admin', '2024-01-15 15:37:18', '', NULL, '');
INSERT INTO `sys_dict_data` VALUES (4, 1, '', '0', 'sys_show_hide', '', 'primary', 'Y', '0', 'admin', '2024-01-15 15:37:18', '', NULL, '');
INSERT INTO `sys_dict_data` VALUES (5, 2, '', '1', 'sys_show_hide', '', 'danger', 'N', '0', 'admin', '2024-01-15 15:37:18', '', NULL, '');
INSERT INTO `sys_dict_data` VALUES (6, 1, '', '0', 'sys_normal_disable', '', 'primary', 'Y', '0', 'admin', '2024-01-15 15:37:18', '', NULL, '');
INSERT INTO `sys_dict_data` VALUES (7, 2, '', '1', 'sys_normal_disable', '', 'danger', 'N', '0', 'admin', '2024-01-15 15:37:18', '', NULL, '');
INSERT INTO `sys_dict_data` VALUES (8, 1, '', '0', 'sys_job_status', '', 'primary', 'Y', '0', 'admin', '2024-01-15 15:37:18', '', NULL, '');
INSERT INTO `sys_dict_data` VALUES (9, 2, '', '1', 'sys_job_status', '', 'danger', 'N', '0', 'admin', '2024-01-15 15:37:18', '', NULL, '');
INSERT INTO `sys_dict_data` VALUES (10, 1, '', 'DEFAULT', 'sys_job_group', '', '', 'Y', '0', 'admin', '2024-01-15 15:37:18', '', NULL, '');
INSERT INTO `sys_dict_data` VALUES (11, 2, '', 'SYSTEM', 'sys_job_group', '', '', 'N', '0', 'admin', '2024-01-15 15:37:18', '', NULL, '');
INSERT INTO `sys_dict_data` VALUES (12, 1, '', 'Y', 'sys_yes_no', '', 'primary', 'Y', '0', 'admin', '2024-01-15 15:37:18', '', NULL, '');
INSERT INTO `sys_dict_data` VALUES (13, 2, '', 'N', 'sys_yes_no', '', 'danger', 'N', '0', 'admin', '2024-01-15 15:37:18', '', NULL, '');
INSERT INTO `sys_dict_data` VALUES (14, 1, '', '1', 'sys_notice_type', '', 'warning', 'Y', '0', 'admin', '2024-01-15 15:37:18', '', NULL, '');
INSERT INTO `sys_dict_data` VALUES (15, 2, '', '2', 'sys_notice_type', '', 'success', 'N', '0', 'admin', '2024-01-15 15:37:18', '', NULL, '');
INSERT INTO `sys_dict_data` VALUES (16, 1, '', '0', 'sys_notice_status', '', 'primary', 'Y', '0', 'admin', '2024-01-15 15:37:18', '', NULL, '');
INSERT INTO `sys_dict_data` VALUES (17, 2, '', '1', 'sys_notice_status', '', 'danger', 'N', '0', 'admin', '2024-01-15 15:37:18', '', NULL, '');
INSERT INTO `sys_dict_data` VALUES (18, 99, '', '0', 'sys_oper_type', '', 'info', 'N', '0', 'admin', '2024-01-15 15:37:18', '', NULL, '');
INSERT INTO `sys_dict_data` VALUES (19, 1, '', '1', 'sys_oper_type', '', 'info', 'N', '0', 'admin', '2024-01-15 15:37:18', '', NULL, '');
INSERT INTO `sys_dict_data` VALUES (20, 2, '', '2', 'sys_oper_type', '', 'info', 'N', '0', 'admin', '2024-01-15 15:37:18', '', NULL, '');
INSERT INTO `sys_dict_data` VALUES (21, 3, '', '3', 'sys_oper_type', '', 'danger', 'N', '0', 'admin', '2024-01-15 15:37:18', '', NULL, '');
INSERT INTO `sys_dict_data` VALUES (22, 4, '', '4', 'sys_oper_type', '', 'primary', 'N', '0', 'admin', '2024-01-15 15:37:18', '', NULL, '');
INSERT INTO `sys_dict_data` VALUES (23, 5, '', '5', 'sys_oper_type', '', 'warning', 'N', '0', 'admin', '2024-01-15 15:37:18', '', NULL, '');
INSERT INTO `sys_dict_data` VALUES (24, 6, '', '6', 'sys_oper_type', '', 'warning', 'N', '0', 'admin', '2024-01-15 15:37:18', '', NULL, '');
INSERT INTO `sys_dict_data` VALUES (25, 7, '', '7', 'sys_oper_type', '', 'danger', 'N', '0', 'admin', '2024-01-15 15:37:18', '', NULL, '');
INSERT INTO `sys_dict_data` VALUES (26, 8, '', '8', 'sys_oper_type', '', 'warning', 'N', '0', 'admin', '2024-01-15 15:37:18', '', NULL, '');
INSERT INTO `sys_dict_data` VALUES (27, 9, '', '9', 'sys_oper_type', '', 'danger', 'N', '0', 'admin', '2024-01-15 15:37:18', '', NULL, '');
INSERT INTO `sys_dict_data` VALUES (28, 1, '', '0', 'sys_common_status', '', 'primary', 'N', '0', 'admin', '2024-01-15 15:37:18', '', NULL, '');
INSERT INTO `sys_dict_data` VALUES (29, 2, '', '1', 'sys_common_status', '', 'danger', 'N', '0', 'admin', '2024-01-15 15:37:18', '', NULL, '');
INSERT INTO `sys_dict_data` VALUES (30, 1, '', '1', 'sys_yes_no_01', NULL, NULL, 'Y', '0', 'admin', '2026-02-06 14:28:08', '', NULL, NULL);
INSERT INTO `sys_dict_data` VALUES (31, 2, '', '0', 'sys_yes_no_01', NULL, NULL, 'N', '0', 'admin', '2026-02-06 14:28:26', '', NULL, NULL);
INSERT INTO `sys_dict_data` VALUES (32, 1, '', '0', 'act_012', NULL, NULL, 'N', '0', 'admin', '2026-02-08 16:44:11', '', NULL, NULL);
INSERT INTO `sys_dict_data` VALUES (33, 2, '', '1', 'act_012', NULL, NULL, 'Y', '0', 'admin', '2026-02-08 16:44:24', '', NULL, NULL);
INSERT INTO `sys_dict_data` VALUES (34, 3, '', '2', 'act_012', NULL, NULL, 'N', '0', 'admin', '2026-02-08 16:44:35', '', NULL, NULL);

-- ----------------------------
-- Table structure for sys_dict_type
-- ----------------------------
DROP TABLE IF EXISTS `sys_dict_type`;
CREATE TABLE `sys_dict_type`  (
  `dict_id` bigint(20) NOT NULL AUTO_INCREMENT COMMENT '',
  `dict_name` varchar(100) CHARACTER SET utf8mb4 COLLATE utf8mb4_general_ci NULL DEFAULT '' COMMENT '',
  `dict_type` varchar(100) CHARACTER SET utf8mb4 COLLATE utf8mb4_general_ci NULL DEFAULT '' COMMENT '',
  `status` char(1) CHARACTER SET utf8mb4 COLLATE utf8mb4_general_ci NULL DEFAULT '0' COMMENT '0 1',
  `create_by` varchar(64) CHARACTER SET utf8mb4 COLLATE utf8mb4_general_ci NULL DEFAULT '' COMMENT '',
  `create_time` datetime NULL DEFAULT NULL COMMENT '',
  `update_by` varchar(64) CHARACTER SET utf8mb4 COLLATE utf8mb4_general_ci NULL DEFAULT '' COMMENT '',
  `update_time` datetime NULL DEFAULT NULL COMMENT '',
  `remark` varchar(500) CHARACTER SET utf8mb4 COLLATE utf8mb4_general_ci NULL DEFAULT NULL COMMENT '',
  PRIMARY KEY (`dict_id`) USING BTREE,
  UNIQUE INDEX `dict_type`(`dict_type`) USING BTREE
) ENGINE = InnoDB AUTO_INCREMENT = 13 CHARACTER SET = utf8mb4 COLLATE = utf8mb4_general_ci COMMENT = '' ROW_FORMAT = Dynamic;

-- ----------------------------
-- Records of sys_dict_type
-- ----------------------------
INSERT INTO `sys_dict_type` VALUES (1, '', 'sys_user_sex', '0', 'admin', '2024-01-15 15:37:18', '', NULL, '');
INSERT INTO `sys_dict_type` VALUES (2, '', 'sys_show_hide', '0', 'admin', '2024-01-15 15:37:18', '', NULL, '');
INSERT INTO `sys_dict_type` VALUES (3, '', 'sys_normal_disable', '0', 'admin', '2024-01-15 15:37:18', '', NULL, '');
INSERT INTO `sys_dict_type` VALUES (4, '', 'sys_job_status', '0', 'admin', '2024-01-15 15:37:18', '', NULL, '');
INSERT INTO `sys_dict_type` VALUES (5, '', 'sys_job_group', '0', 'admin', '2024-01-15 15:37:18', '', NULL, '');
INSERT INTO `sys_dict_type` VALUES (6, '', 'sys_yes_no', '0', 'admin', '2024-01-15 15:37:18', '', NULL, '');
INSERT INTO `sys_dict_type` VALUES (7, '', 'sys_notice_type', '0', 'admin', '2024-01-15 15:37:18', '', NULL, '');
INSERT INTO `sys_dict_type` VALUES (8, '', 'sys_notice_status', '0', 'admin', '2024-01-15 15:37:18', '', NULL, '');
INSERT INTO `sys_dict_type` VALUES (9, '', 'sys_oper_type', '0', 'admin', '2024-01-15 15:37:18', '', NULL, '');
INSERT INTO `sys_dict_type` VALUES (10, '', 'sys_common_status', '0', 'admin', '2024-01-15 15:37:18', '', NULL, '');
INSERT INTO `sys_dict_type` VALUES (11, '01', 'sys_yes_no_01', '0', 'admin', '2026-02-06 14:27:49', '', NULL, NULL);
INSERT INTO `sys_dict_type` VALUES (12, '3', 'act_012', '0', 'admin', '2026-02-08 16:43:42', 'admin', '2026-02-08 16:43:55', '');

-- ----------------------------
-- Table structure for sys_file
-- ----------------------------
DROP TABLE IF EXISTS `sys_file`;
CREATE TABLE `sys_file`  (
  `file_id` varchar(36) CHARACTER SET utf8 COLLATE utf8_general_ci NOT NULL COMMENT 'id',
  `file_name` varchar(100) CHARACTER SET utf8 COLLATE utf8_general_ci NULL DEFAULT NULL COMMENT '',
  `file_type` varchar(100) CHARACTER SET utf8 COLLATE utf8_general_ci NULL DEFAULT NULL COMMENT '',
  `url` varchar(200) CHARACTER SET utf8 COLLATE utf8_general_ci NULL DEFAULT NULL COMMENT 'URL',
  `is_copy` char(1) CHARACTER SET utf8 COLLATE utf8_general_ci NULL DEFAULT NULL COMMENT '',
  `ref` varchar(50) CHARACTER SET utf8 COLLATE utf8_general_ci NULL DEFAULT NULL COMMENT '',
  `ref_id` varchar(36) CHARACTER SET utf8 COLLATE utf8_general_ci NULL DEFAULT NULL COMMENT '',
  `create_by` varchar(36) CHARACTER SET utf8 COLLATE utf8_general_ci NULL DEFAULT NULL COMMENT '',
  `create_time` datetime NULL DEFAULT NULL COMMENT '',
  PRIMARY KEY (`file_id`) USING BTREE
) ENGINE = InnoDB CHARACTER SET = utf8 COLLATE = utf8_general_ci COMMENT = '' ROW_FORMAT = DYNAMIC;

-- ----------------------------
-- Records of sys_file
-- ----------------------------

-- ----------------------------
-- Table structure for sys_job
-- ----------------------------
DROP TABLE IF EXISTS `sys_job`;
CREATE TABLE `sys_job`  (
  `job_id` bigint(20) NOT NULL AUTO_INCREMENT COMMENT 'ID',
  `job_name` varchar(64) CHARACTER SET utf8mb4 COLLATE utf8mb4_general_ci NOT NULL DEFAULT '' COMMENT '',
  `job_group` varchar(64) CHARACTER SET utf8mb4 COLLATE utf8mb4_general_ci NOT NULL DEFAULT 'DEFAULT' COMMENT '',
  `invoke_target` varchar(500) CHARACTER SET utf8mb4 COLLATE utf8mb4_general_ci NOT NULL COMMENT '',
  `cron_expression` varchar(255) CHARACTER SET utf8mb4 COLLATE utf8mb4_general_ci NULL DEFAULT '' COMMENT 'cron',
  `misfire_policy` varchar(20) CHARACTER SET utf8mb4 COLLATE utf8mb4_general_ci NULL DEFAULT '3' COMMENT '1 2 3',
  `concurrent` char(1) CHARACTER SET utf8mb4 COLLATE utf8mb4_general_ci NULL DEFAULT '1' COMMENT '0 1',
  `status` char(1) CHARACTER SET utf8mb4 COLLATE utf8mb4_general_ci NULL DEFAULT '0' COMMENT '0 1',
  `create_by` varchar(64) CHARACTER SET utf8mb4 COLLATE utf8mb4_general_ci NULL DEFAULT '' COMMENT '',
  `create_time` datetime NULL DEFAULT NULL COMMENT '',
  `update_by` varchar(64) CHARACTER SET utf8mb4 COLLATE utf8mb4_general_ci NULL DEFAULT '' COMMENT '',
  `update_time` datetime NULL DEFAULT NULL COMMENT '',
  `remark` varchar(500) CHARACTER SET utf8mb4 COLLATE utf8mb4_general_ci NULL DEFAULT '' COMMENT '',
  PRIMARY KEY (`job_id`, `job_name`, `job_group`) USING BTREE
) ENGINE = InnoDB AUTO_INCREMENT = 4 CHARACTER SET = utf8mb4 COLLATE = utf8mb4_general_ci COMMENT = '' ROW_FORMAT = Dynamic;

-- ----------------------------
-- Records of sys_job
-- ----------------------------
INSERT INTO `sys_job` VALUES (1, '', 'DEFAULT', 'ryTask.ryNoParams', '0/10 * * * * ?', '3', '1', '1', 'admin', '2024-01-15 15:37:18', '', NULL, '');
INSERT INTO `sys_job` VALUES (2, '', 'DEFAULT', 'ryTask.ryParams(\'ry\')', '0/15 * * * * ?', '3', '1', '1', 'admin', '2024-01-15 15:37:18', '', NULL, '');
INSERT INTO `sys_job` VALUES (3, '', 'DEFAULT', 'ryTask.ryMultipleParams(\'ry\', true, 2000L, 316.50D, 100)', '0/20 * * * * ?', '3', '1', '1', 'admin', '2024-01-15 15:37:18', '', NULL, '');

-- ----------------------------
-- Table structure for sys_job_log
-- ----------------------------
DROP TABLE IF EXISTS `sys_job_log`;
CREATE TABLE `sys_job_log`  (
  `job_log_id` bigint(20) NOT NULL AUTO_INCREMENT COMMENT 'ID',
  `job_name` varchar(64) CHARACTER SET utf8mb4 COLLATE utf8mb4_general_ci NOT NULL COMMENT '',
  `job_group` varchar(64) CHARACTER SET utf8mb4 COLLATE utf8mb4_general_ci NOT NULL COMMENT '',
  `invoke_target` varchar(500) CHARACTER SET utf8mb4 COLLATE utf8mb4_general_ci NOT NULL COMMENT '',
  `job_message` varchar(500) CHARACTER SET utf8mb4 COLLATE utf8mb4_general_ci NULL DEFAULT NULL COMMENT '',
  `status` char(1) CHARACTER SET utf8mb4 COLLATE utf8mb4_general_ci NULL DEFAULT '0' COMMENT '0 1',
  `exception_info` varchar(2000) CHARACTER SET utf8mb4 COLLATE utf8mb4_general_ci NULL DEFAULT '' COMMENT '',
  `create_time` datetime NULL DEFAULT NULL COMMENT '',
  PRIMARY KEY (`job_log_id`) USING BTREE
) ENGINE = InnoDB AUTO_INCREMENT = 1 CHARACTER SET = utf8mb4 COLLATE = utf8mb4_general_ci COMMENT = '' ROW_FORMAT = Dynamic;

-- ----------------------------
-- Records of sys_job_log
-- ----------------------------

-- ----------------------------
-- Table structure for sys_logininfor
-- ----------------------------
DROP TABLE IF EXISTS `sys_logininfor`;
CREATE TABLE `sys_logininfor`  (
  `info_id` bigint(20) NOT NULL AUTO_INCREMENT COMMENT 'ID',
  `login_name` varchar(50) CHARACTER SET utf8mb4 COLLATE utf8mb4_general_ci NULL DEFAULT '' COMMENT '',
  `ipaddr` varchar(128) CHARACTER SET utf8mb4 COLLATE utf8mb4_general_ci NULL DEFAULT '' COMMENT 'IP',
  `login_location` varchar(255) CHARACTER SET utf8mb4 COLLATE utf8mb4_general_ci NULL DEFAULT '' COMMENT '',
  `browser` varchar(50) CHARACTER SET utf8mb4 COLLATE utf8mb4_general_ci NULL DEFAULT '' COMMENT '',
  `os` varchar(50) CHARACTER SET utf8mb4 COLLATE utf8mb4_general_ci NULL DEFAULT '' COMMENT '',
  `status` char(1) CHARACTER SET utf8mb4 COLLATE utf8mb4_general_ci NULL DEFAULT '0' COMMENT '0 1',
  `msg` varchar(255) CHARACTER SET utf8mb4 COLLATE utf8mb4_general_ci NULL DEFAULT '' COMMENT '',
  `login_time` datetime NULL DEFAULT NULL COMMENT '',
  PRIMARY KEY (`info_id`) USING BTREE,
  INDEX `idx_sys_logininfor_s`(`status`) USING BTREE,
  INDEX `idx_sys_logininfor_lt`(`login_time`) USING BTREE
) ENGINE = InnoDB AUTO_INCREMENT = 2 CHARACTER SET = utf8mb4 COLLATE = utf8mb4_general_ci COMMENT = '' ROW_FORMAT = Dynamic;

-- ----------------------------
-- Records of sys_logininfor
-- ----------------------------
INSERT INTO `sys_logininfor` VALUES (1, 'admin', '127.0.0.1', 'IP', 'Edge 144', 'Windows >=10', '0', '', '2026-02-11 16:55:21');

-- ----------------------------
-- Table structure for sys_menu
-- ----------------------------
DROP TABLE IF EXISTS `sys_menu`;
CREATE TABLE `sys_menu`  (
  `menu_id` bigint(20) NOT NULL AUTO_INCREMENT COMMENT 'ID',
  `menu_name` varchar(50) CHARACTER SET utf8mb4 COLLATE utf8mb4_general_ci NOT NULL COMMENT '',
  `parent_id` bigint(20) NULL DEFAULT 0 COMMENT 'ID',
  `order_num` int(4) NULL DEFAULT 0 COMMENT '',
  `url` varchar(200) CHARACTER SET utf8mb4 COLLATE utf8mb4_general_ci NULL DEFAULT '#' COMMENT '',
  `target` varchar(20) CHARACTER SET utf8mb4 COLLATE utf8mb4_general_ci NULL DEFAULT '' COMMENT 'menuItem menuBlank',
  `menu_type` char(1) CHARACTER SET utf8mb4 COLLATE utf8mb4_general_ci NULL DEFAULT '' COMMENT 'M C F',
  `visible` char(1) CHARACTER SET utf8mb4 COLLATE utf8mb4_general_ci NULL DEFAULT '0' COMMENT '0 1',
  `is_refresh` char(1) CHARACTER SET utf8mb4 COLLATE utf8mb4_general_ci NULL DEFAULT '1' COMMENT '0 1',
  `perms` varchar(100) CHARACTER SET utf8mb4 COLLATE utf8mb4_general_ci NULL DEFAULT NULL COMMENT '',
  `icon` varchar(100) CHARACTER SET utf8mb4 COLLATE utf8mb4_general_ci NULL DEFAULT '#' COMMENT '',
  `create_by` varchar(64) CHARACTER SET utf8mb4 COLLATE utf8mb4_general_ci NULL DEFAULT '' COMMENT '',
  `create_time` datetime NULL DEFAULT NULL COMMENT '',
  `update_by` varchar(64) CHARACTER SET utf8mb4 COLLATE utf8mb4_general_ci NULL DEFAULT '' COMMENT '',
  `update_time` datetime NULL DEFAULT NULL COMMENT '',
  `remark` varchar(500) CHARACTER SET utf8mb4 COLLATE utf8mb4_general_ci NULL DEFAULT '' COMMENT '',
  PRIMARY KEY (`menu_id`) USING BTREE
) ENGINE = InnoDB AUTO_INCREMENT = 3020 CHARACTER SET = utf8mb4 COLLATE = utf8mb4_general_ci COMMENT = '' ROW_FORMAT = Dynamic;

-- ----------------------------
-- Records of sys_menu
-- ----------------------------
INSERT INTO `sys_menu` VALUES (1, '', 0, 1, '#', '', 'M', '0', '1', '', 'fa fa-gear', 'admin', '2024-01-15 15:37:17', '', NULL, '');
INSERT INTO `sys_menu` VALUES (2, '', 0, 2, '#', '', 'M', '0', '1', '', 'fa fa-video-camera', 'admin', '2024-01-15 15:37:17', '', NULL, '');
INSERT INTO `sys_menu` VALUES (3, '', 0, 3, '#', '', 'M', '0', '1', '', 'fa fa-bars', 'admin', '2024-01-15 15:37:17', '', NULL, '');
INSERT INTO `sys_menu` VALUES (4, '', 0, 4, 'http://ruoyi.vip', 'menuBlank', 'C', '1', '1', '', 'fa fa-location-arrow', 'admin', '2024-01-15 15:37:17', 'admin', '2026-02-07 15:42:54', '');
INSERT INTO `sys_menu` VALUES (100, '', 1, 1, '/system/user', '', 'C', '0', '1', 'system:user:view', 'fa fa-user-o', 'admin', '2024-01-15 15:37:17', '', NULL, '');
INSERT INTO `sys_menu` VALUES (101, '', 1, 2, '/system/role', '', 'C', '0', '1', 'system:role:view', 'fa fa-user-secret', 'admin', '2024-01-15 15:37:17', '', NULL, '');
INSERT INTO `sys_menu` VALUES (102, '', 1, 3, '/system/menu', '', 'C', '0', '1', 'system:menu:view', 'fa fa-th-list', 'admin', '2024-01-15 15:37:17', '', NULL, '');
INSERT INTO `sys_menu` VALUES (103, '', 1, 4, '/system/dept', '', 'C', '0', '1', 'system:dept:view', 'fa fa-outdent', 'admin', '2024-01-15 15:37:17', '', NULL, '');
INSERT INTO `sys_menu` VALUES (104, '', 1, 5, '/system/post', '', 'C', '0', '1', 'system:post:view', 'fa fa-address-card-o', 'admin', '2024-01-15 15:37:17', '', NULL, '');
INSERT INTO `sys_menu` VALUES (105, '', 1, 6, '/system/dict', '', 'C', '0', '1', 'system:dict:view', 'fa fa-bookmark-o', 'admin', '2024-01-15 15:37:17', '', NULL, '');
INSERT INTO `sys_menu` VALUES (106, '', 1, 7, '/system/config', '', 'C', '0', '1', 'system:config:view', 'fa fa-sun-o', 'admin', '2024-01-15 15:37:17', '', NULL, '');
INSERT INTO `sys_menu` VALUES (107, '', 1, 8, '/system/notice', '', 'C', '0', '1', 'system:notice:view', 'fa fa-bullhorn', 'admin', '2024-01-15 15:37:17', '', NULL, '');
INSERT INTO `sys_menu` VALUES (108, '', 1, 9, '#', '', 'M', '0', '1', '', 'fa fa-pencil-square-o', 'admin', '2024-01-15 15:37:17', '', NULL, '');
INSERT INTO `sys_menu` VALUES (109, '', 2, 1, '/monitor/online', '', 'C', '0', '1', 'monitor:online:view', 'fa fa-user-circle', 'admin', '2024-01-15 15:37:17', '', NULL, '');
INSERT INTO `sys_menu` VALUES (110, '', 2, 2, '/monitor/job', '', 'C', '0', '1', 'monitor:job:view', 'fa fa-tasks', 'admin', '2024-01-15 15:37:17', '', NULL, '');
INSERT INTO `sys_menu` VALUES (111, '', 2, 3, '/monitor/data', '', 'C', '0', '1', 'monitor:data:view', 'fa fa-bug', 'admin', '2024-01-15 15:37:17', '', NULL, '');
INSERT INTO `sys_menu` VALUES (112, '', 2, 4, '/monitor/server', '', 'C', '0', '1', 'monitor:server:view', 'fa fa-server', 'admin', '2024-01-15 15:37:17', '', NULL, '');
INSERT INTO `sys_menu` VALUES (113, '', 2, 5, '/monitor/cache', '', 'C', '0', '1', 'monitor:cache:view', 'fa fa-cube', 'admin', '2024-01-15 15:37:17', '', NULL, '');
INSERT INTO `sys_menu` VALUES (114, '', 3, 1, '/tool/build', '', 'C', '0', '1', 'tool:build:view', 'fa fa-wpforms', 'admin', '2024-01-15 15:37:17', '', NULL, '');
INSERT INTO `sys_menu` VALUES (115, '', 3, 2, '/tool/gen', '', 'C', '0', '1', 'tool:gen:view', 'fa fa-code', 'admin', '2024-01-15 15:37:17', '', NULL, '');
INSERT INTO `sys_menu` VALUES (116, '', 3, 3, '/tool/swagger', '', 'C', '0', '1', 'tool:swagger:view', 'fa fa-gg', 'admin', '2024-01-15 15:37:17', '', NULL, '');
INSERT INTO `sys_menu` VALUES (500, '', 108, 1, '/monitor/operlog', '', 'C', '0', '1', 'monitor:operlog:view', 'fa fa-address-book', 'admin', '2024-01-15 15:37:17', '', NULL, '');
INSERT INTO `sys_menu` VALUES (501, '', 108, 2, '/monitor/logininfor', '', 'C', '0', '1', 'monitor:logininfor:view', 'fa fa-file-image-o', 'admin', '2024-01-15 15:37:17', '', NULL, '');
INSERT INTO `sys_menu` VALUES (1000, '', 100, 1, '#', '', 'F', '0', '1', 'system:user:list', '#', 'admin', '2024-01-15 15:37:17', '', NULL, '');
INSERT INTO `sys_menu` VALUES (1001, '', 100, 2, '#', '', 'F', '0', '1', 'system:user:add', '#', 'admin', '2024-01-15 15:37:17', '', NULL, '');
INSERT INTO `sys_menu` VALUES (1002, '', 100, 3, '#', '', 'F', '0', '1', 'system:user:edit', '#', 'admin', '2024-01-15 15:37:17', '', NULL, '');
INSERT INTO `sys_menu` VALUES (1003, '', 100, 4, '#', '', 'F', '0', '1', 'system:user:remove', '#', 'admin', '2024-01-15 15:37:17', '', NULL, '');
INSERT INTO `sys_menu` VALUES (1004, '', 100, 5, '#', '', 'F', '0', '1', 'system:user:export', '#', 'admin', '2024-01-15 15:37:17', '', NULL, '');
INSERT INTO `sys_menu` VALUES (1005, '', 100, 6, '#', '', 'F', '0', '1', 'system:user:import', '#', 'admin', '2024-01-15 15:37:17', '', NULL, '');
INSERT INTO `sys_menu` VALUES (1006, '', 100, 7, '#', '', 'F', '0', '1', 'system:user:resetPwd', '#', 'admin', '2024-01-15 15:37:17', '', NULL, '');
INSERT INTO `sys_menu` VALUES (1007, '', 101, 1, '#', '', 'F', '0', '1', 'system:role:list', '#', 'admin', '2024-01-15 15:37:17', '', NULL, '');
INSERT INTO `sys_menu` VALUES (1008, '', 101, 2, '#', '', 'F', '0', '1', 'system:role:add', '#', 'admin', '2024-01-15 15:37:17', '', NULL, '');
INSERT INTO `sys_menu` VALUES (1009, '', 101, 3, '#', '', 'F', '0', '1', 'system:role:edit', '#', 'admin', '2024-01-15 15:37:17', '', NULL, '');
INSERT INTO `sys_menu` VALUES (1010, '', 101, 4, '#', '', 'F', '0', '1', 'system:role:remove', '#', 'admin', '2024-01-15 15:37:17', '', NULL, '');
INSERT INTO `sys_menu` VALUES (1011, '', 101, 5, '#', '', 'F', '0', '1', 'system:role:export', '#', 'admin', '2024-01-15 15:37:17', '', NULL, '');
INSERT INTO `sys_menu` VALUES (1012, '', 102, 1, '#', '', 'F', '0', '1', 'system:menu:list', '#', 'admin', '2024-01-15 15:37:17', '', NULL, '');
INSERT INTO `sys_menu` VALUES (1013, '', 102, 2, '#', '', 'F', '0', '1', 'system:menu:add', '#', 'admin', '2024-01-15 15:37:17', '', NULL, '');
INSERT INTO `sys_menu` VALUES (1014, '', 102, 3, '#', '', 'F', '0', '1', 'system:menu:edit', '#', 'admin', '2024-01-15 15:37:17', '', NULL, '');
INSERT INTO `sys_menu` VALUES (1015, '', 102, 4, '#', '', 'F', '0', '1', 'system:menu:remove', '#', 'admin', '2024-01-15 15:37:17', '', NULL, '');
INSERT INTO `sys_menu` VALUES (1016, '', 103, 1, '#', '', 'F', '0', '1', 'system:dept:list', '#', 'admin', '2024-01-15 15:37:17', '', NULL, '');
INSERT INTO `sys_menu` VALUES (1017, '', 103, 2, '#', '', 'F', '0', '1', 'system:dept:add', '#', 'admin', '2024-01-15 15:37:17', '', NULL, '');
INSERT INTO `sys_menu` VALUES (1018, '', 103, 3, '#', '', 'F', '0', '1', 'system:dept:edit', '#', 'admin', '2024-01-15 15:37:17', '', NULL, '');
INSERT INTO `sys_menu` VALUES (1019, '', 103, 4, '#', '', 'F', '0', '1', 'system:dept:remove', '#', 'admin', '2024-01-15 15:37:17', '', NULL, '');
INSERT INTO `sys_menu` VALUES (1020, '', 104, 1, '#', '', 'F', '0', '1', 'system:post:list', '#', 'admin', '2024-01-15 15:37:17', '', NULL, '');
INSERT INTO `sys_menu` VALUES (1021, '', 104, 2, '#', '', 'F', '0', '1', 'system:post:add', '#', 'admin', '2024-01-15 15:37:17', '', NULL, '');
INSERT INTO `sys_menu` VALUES (1022, '', 104, 3, '#', '', 'F', '0', '1', 'system:post:edit', '#', 'admin', '2024-01-15 15:37:17', '', NULL, '');
INSERT INTO `sys_menu` VALUES (1023, '', 104, 4, '#', '', 'F', '0', '1', 'system:post:remove', '#', 'admin', '2024-01-15 15:37:17', '', NULL, '');
INSERT INTO `sys_menu` VALUES (1024, '', 104, 5, '#', '', 'F', '0', '1', 'system:post:export', '#', 'admin', '2024-01-15 15:37:17', '', NULL, '');
INSERT INTO `sys_menu` VALUES (1025, '', 105, 1, '#', '', 'F', '0', '1', 'system:dict:list', '#', 'admin', '2024-01-15 15:37:17', '', NULL, '');
INSERT INTO `sys_menu` VALUES (1026, '', 105, 2, '#', '', 'F', '0', '1', 'system:dict:add', '#', 'admin', '2024-01-15 15:37:17', '', NULL, '');
INSERT INTO `sys_menu` VALUES (1027, '', 105, 3, '#', '', 'F', '0', '1', 'system:dict:edit', '#', 'admin', '2024-01-15 15:37:17', '', NULL, '');
INSERT INTO `sys_menu` VALUES (1028, '', 105, 4, '#', '', 'F', '0', '1', 'system:dict:remove', '#', 'admin', '2024-01-15 15:37:17', '', NULL, '');
INSERT INTO `sys_menu` VALUES (1029, '', 105, 5, '#', '', 'F', '0', '1', 'system:dict:export', '#', 'admin', '2024-01-15 15:37:17', '', NULL, '');
INSERT INTO `sys_menu` VALUES (1030, '', 106, 1, '#', '', 'F', '0', '1', 'system:config:list', '#', 'admin', '2024-01-15 15:37:17', '', NULL, '');
INSERT INTO `sys_menu` VALUES (1031, '', 106, 2, '#', '', 'F', '0', '1', 'system:config:add', '#', 'admin', '2024-01-15 15:37:17', '', NULL, '');
INSERT INTO `sys_menu` VALUES (1032, '', 106, 3, '#', '', 'F', '0', '1', 'system:config:edit', '#', 'admin', '2024-01-15 15:37:17', '', NULL, '');
INSERT INTO `sys_menu` VALUES (1033, '', 106, 4, '#', '', 'F', '0', '1', 'system:config:remove', '#', 'admin', '2024-01-15 15:37:17', '', NULL, '');
INSERT INTO `sys_menu` VALUES (1034, '', 106, 5, '#', '', 'F', '0', '1', 'system:config:export', '#', 'admin', '2024-01-15 15:37:17', '', NULL, '');
INSERT INTO `sys_menu` VALUES (1035, '', 107, 1, '#', '', 'F', '0', '1', 'system:notice:list', '#', 'admin', '2024-01-15 15:37:17', '', NULL, '');
INSERT INTO `sys_menu` VALUES (1036, '', 107, 2, '#', '', 'F', '0', '1', 'system:notice:add', '#', 'admin', '2024-01-15 15:37:17', '', NULL, '');
INSERT INTO `sys_menu` VALUES (1037, '', 107, 3, '#', '', 'F', '0', '1', 'system:notice:edit', '#', 'admin', '2024-01-15 15:37:17', '', NULL, '');
INSERT INTO `sys_menu` VALUES (1038, '', 107, 4, '#', '', 'F', '0', '1', 'system:notice:remove', '#', 'admin', '2024-01-15 15:37:17', '', NULL, '');
INSERT INTO `sys_menu` VALUES (1039, '', 500, 1, '#', '', 'F', '0', '1', 'monitor:operlog:list', '#', 'admin', '2024-01-15 15:37:17', '', NULL, '');
INSERT INTO `sys_menu` VALUES (1040, '', 500, 2, '#', '', 'F', '0', '1', 'monitor:operlog:remove', '#', 'admin', '2024-01-15 15:37:17', '', NULL, '');
INSERT INTO `sys_menu` VALUES (1041, '', 500, 3, '#', '', 'F', '0', '1', 'monitor:operlog:detail', '#', 'admin', '2024-01-15 15:37:17', '', NULL, '');
INSERT INTO `sys_menu` VALUES (1042, '', 500, 4, '#', '', 'F', '0', '1', 'monitor:operlog:export', '#', 'admin', '2024-01-15 15:37:17', '', NULL, '');
INSERT INTO `sys_menu` VALUES (1043, '', 501, 1, '#', '', 'F', '0', '1', 'monitor:logininfor:list', '#', 'admin', '2024-01-15 15:37:17', '', NULL, '');
INSERT INTO `sys_menu` VALUES (1044, '', 501, 2, '#', '', 'F', '0', '1', 'monitor:logininfor:remove', '#', 'admin', '2024-01-15 15:37:17', '', NULL, '');
INSERT INTO `sys_menu` VALUES (1045, '', 501, 3, '#', '', 'F', '0', '1', 'monitor:logininfor:export', '#', 'admin', '2024-01-15 15:37:17', '', NULL, '');
INSERT INTO `sys_menu` VALUES (1046, '', 501, 4, '#', '', 'F', '0', '1', 'monitor:logininfor:unlock', '#', 'admin', '2024-01-15 15:37:17', '', NULL, '');
INSERT INTO `sys_menu` VALUES (1047, '', 109, 1, '#', '', 'F', '0', '1', 'monitor:online:list', '#', 'admin', '2024-01-15 15:37:17', '', NULL, '');
INSERT INTO `sys_menu` VALUES (1048, '', 109, 2, '#', '', 'F', '0', '1', 'monitor:online:batchForceLogout', '#', 'admin', '2024-01-15 15:37:17', '', NULL, '');
INSERT INTO `sys_menu` VALUES (1049, '', 109, 3, '#', '', 'F', '0', '1', 'monitor:online:forceLogout', '#', 'admin', '2024-01-15 15:37:17', '', NULL, '');
INSERT INTO `sys_menu` VALUES (1050, '', 110, 1, '#', '', 'F', '0', '1', 'monitor:job:list', '#', 'admin', '2024-01-15 15:37:17', '', NULL, '');
INSERT INTO `sys_menu` VALUES (1051, '', 110, 2, '#', '', 'F', '0', '1', 'monitor:job:add', '#', 'admin', '2024-01-15 15:37:17', '', NULL, '');
INSERT INTO `sys_menu` VALUES (1052, '', 110, 3, '#', '', 'F', '0', '1', 'monitor:job:edit', '#', 'admin', '2024-01-15 15:37:17', '', NULL, '');
INSERT INTO `sys_menu` VALUES (1053, '', 110, 4, '#', '', 'F', '0', '1', 'monitor:job:remove', '#', 'admin', '2024-01-15 15:37:17', '', NULL, '');
INSERT INTO `sys_menu` VALUES (1054, '', 110, 5, '#', '', 'F', '0', '1', 'monitor:job:changeStatus', '#', 'admin', '2024-01-15 15:37:17', '', NULL, '');
INSERT INTO `sys_menu` VALUES (1055, '', 110, 6, '#', '', 'F', '0', '1', 'monitor:job:detail', '#', 'admin', '2024-01-15 15:37:17', '', NULL, '');
INSERT INTO `sys_menu` VALUES (1056, '', 110, 7, '#', '', 'F', '0', '1', 'monitor:job:export', '#', 'admin', '2024-01-15 15:37:17', '', NULL, '');
INSERT INTO `sys_menu` VALUES (1057, '', 115, 1, '#', '', 'F', '0', '1', 'tool:gen:list', '#', 'admin', '2024-01-15 15:37:17', '', NULL, '');
INSERT INTO `sys_menu` VALUES (1058, '', 115, 2, '#', '', 'F', '0', '1', 'tool:gen:edit', '#', 'admin', '2024-01-15 15:37:17', '', NULL, '');
INSERT INTO `sys_menu` VALUES (1059, '', 115, 3, '#', '', 'F', '0', '1', 'tool:gen:remove', '#', 'admin', '2024-01-15 15:37:17', '', NULL, '');
INSERT INTO `sys_menu` VALUES (1060, '', 115, 4, '#', '', 'F', '0', '1', 'tool:gen:preview', '#', 'admin', '2024-01-15 15:37:17', '', NULL, '');
INSERT INTO `sys_menu` VALUES (1061, '', 115, 5, '#', '', 'F', '0', '1', 'tool:gen:code', '#', 'admin', '2024-01-15 15:37:17', '', NULL, '');
INSERT INTO `sys_menu` VALUES (3001, '', 1, 10, '/system/file', 'menuItem', 'C', '0', '1', 'system:file:view', 'fa fa-folder', 'admin', '2026-02-06 14:13:31', 'admin', '2026-02-06 14:14:38', '');
INSERT INTO `sys_menu` VALUES (3002, '', 3001, 1, '#', '', 'F', '0', '1', 'system:file:list', '#', 'admin', '2026-02-06 14:13:31', '', NULL, '');
INSERT INTO `sys_menu` VALUES (3003, '', 3001, 2, '#', '', 'F', '0', '1', 'system:file:add', '#', 'admin', '2026-02-06 14:13:31', '', NULL, '');
INSERT INTO `sys_menu` VALUES (3004, '', 3001, 3, '#', '', 'F', '0', '1', 'system:file:edit', '#', 'admin', '2026-02-06 14:13:31', '', NULL, '');
INSERT INTO `sys_menu` VALUES (3005, '', 3001, 4, '#', '', 'F', '0', '1', 'system:file:remove', '#', 'admin', '2026-02-06 14:13:31', '', NULL, '');
INSERT INTO `sys_menu` VALUES (3006, '', 3001, 5, '#', '', 'F', '0', '1', 'system:file:export', '#', 'admin', '2026-02-06 14:13:31', '', NULL, '');
INSERT INTO `sys_menu` VALUES (3007, '', 0, 301, '#', 'menuItem', 'M', '0', '1', '', 'fa fa-suitcase', 'admin', '2022-02-12 09:34:12', 'admin', '2022-04-27 15:09:22', '');
INSERT INTO `sys_menu` VALUES (3009, '', 3007, 1, '/definition', 'menuItem', 'C', '0', '1', '', '#', 'admin', '2022-02-12 09:35:06', 'admin', '2026-02-06 15:33:20', '');
INSERT INTO `sys_menu` VALUES (3010, '', 3007, 2, '/definition/newestVersion', 'menuItem', 'C', '0', '1', '', '#', 'admin', '2022-02-12 15:04:31', 'admin', '2026-02-07 11:11:28', '');
INSERT INTO `sys_menu` VALUES (3011, '', 3007, 3, '/process/todo', 'menuItem', 'C', '0', '1', '', '#', 'admin', '2022-02-12 15:05:29', 'admin', '2022-02-16 19:27:44', '');
INSERT INTO `sys_menu` VALUES (3012, '', 3007, 4, '/process/done', 'menuItem', 'C', '0', '1', '', '#', 'admin', '2022-02-12 15:06:11', 'admin', '2022-02-22 16:07:49', '');
INSERT INTO `sys_menu` VALUES (3013, '', 0, 5, '#', 'menuItem', 'M', '0', '1', NULL, 'fa fa-briefcase', 'admin', '2026-02-08 10:58:01', '', NULL, '');
INSERT INTO `sys_menu` VALUES (3014, '', 3013, 1, '/oa/qingjia', '', 'C', '0', '1', 'oa:qingjia:view', '#', 'admin', '2026-02-08 11:02:27', '', NULL, '');
INSERT INTO `sys_menu` VALUES (3015, '', 3014, 1, '#', '', 'F', '0', '1', 'oa:qingjia:list', '#', 'admin', '2026-02-08 11:02:27', '', NULL, '');
INSERT INTO `sys_menu` VALUES (3016, '', 3014, 2, '#', '', 'F', '0', '1', 'oa:qingjia:add', '#', 'admin', '2026-02-08 11:02:27', '', NULL, '');
INSERT INTO `sys_menu` VALUES (3017, '', 3014, 3, '#', '', 'F', '0', '1', 'oa:qingjia:edit', '#', 'admin', '2026-02-08 11:02:27', '', NULL, '');
INSERT INTO `sys_menu` VALUES (3018, '', 3014, 4, '#', '', 'F', '0', '1', 'oa:qingjia:remove', '#', 'admin', '2026-02-08 11:02:27', '', NULL, '');
INSERT INTO `sys_menu` VALUES (3019, '', 3014, 5, '#', '', 'F', '0', '1', 'oa:qingjia:export', '#', 'admin', '2026-02-08 11:02:27', '', NULL, '');

-- ----------------------------
-- Table structure for sys_notice
-- ----------------------------
DROP TABLE IF EXISTS `sys_notice`;
CREATE TABLE `sys_notice`  (
  `notice_id` int(4) NOT NULL AUTO_INCREMENT COMMENT 'ID',
  `notice_title` varchar(50) CHARACTER SET utf8mb4 COLLATE utf8mb4_general_ci NOT NULL COMMENT '',
  `notice_type` char(1) CHARACTER SET utf8mb4 COLLATE utf8mb4_general_ci NOT NULL COMMENT '1 2',
  `notice_content` longblob NULL COMMENT '',
  `status` char(1) CHARACTER SET utf8mb4 COLLATE utf8mb4_general_ci NULL DEFAULT '0' COMMENT '0 1',
  `create_by` varchar(64) CHARACTER SET utf8mb4 COLLATE utf8mb4_general_ci NULL DEFAULT '' COMMENT '',
  `create_time` datetime NULL DEFAULT NULL COMMENT '',
  `update_by` varchar(64) CHARACTER SET utf8mb4 COLLATE utf8mb4_general_ci NULL DEFAULT '' COMMENT '',
  `update_time` datetime NULL DEFAULT NULL COMMENT '',
  `remark` varchar(255) CHARACTER SET utf8mb4 COLLATE utf8mb4_general_ci NULL DEFAULT NULL COMMENT '',
  PRIMARY KEY (`notice_id`) USING BTREE
) ENGINE = InnoDB AUTO_INCREMENT = 4 CHARACTER SET = utf8mb4 COLLATE = utf8mb4_general_ci COMMENT = '' ROW_FORMAT = Dynamic;

-- ----------------------------
-- Records of sys_notice
-- ----------------------------
INSERT INTO `sys_notice` VALUES (1, '2018-07-01 ', '2', 0xE696B0E78988E69CACE58685E5AEB9, '0', 'admin', '2024-01-15 15:37:18', '', NULL, '');
INSERT INTO `sys_notice` VALUES (2, '2018-07-01 ', '1', 0xE7BBB4E68AA4E58685E5AEB9, '0', 'admin', '2024-01-15 15:37:18', '', NULL, '');
INSERT INTO `sys_notice` VALUES (3, '', '1', 0x3C703E3C7370616E207374796C653D22636F6C6F723A20726762283233302C20302C2030293B223EE9A1B9E79BAEE4BB8BE7BB8D3C2F7370616E3E3C2F703E3C703E3C666F6E7420636F6C6F723D2223333333333333223E52756F5969E5BC80E6BA90E9A1B9E79BAEE698AFE4B8BAE4BC81E4B89AE794A8E688B7E5AE9AE588B6E79A84E5908EE58FB0E8849AE6898BE69EB6E6A186E69EB6EFBC8CE4B8BAE4BC81E4B89AE68993E980A0E79A84E4B880E7AB99E5BC8FE8A7A3E586B3E696B9E6A188EFBC8CE9998DE4BD8EE4BC81E4B89AE5BC80E58F91E68890E69CACEFBC8CE68F90E58D87E5BC80E58F91E69588E78E87E38082E4B8BBE8A681E58C85E68BACE794A8E688B7E7AEA1E79086E38081E8A792E889B2E7AEA1E79086E38081E983A8E997A8E7AEA1E79086E38081E88F9CE58D95E7AEA1E79086E38081E58F82E695B0E7AEA1E79086E38081E5AD97E585B8E7AEA1E79086E380813C2F666F6E743E3C7370616E207374796C653D22636F6C6F723A207267622835312C2035312C203531293B223EE5B297E4BD8DE7AEA1E790863C2F7370616E3E3C7370616E207374796C653D22636F6C6F723A207267622835312C2035312C203531293B223EE38081E5AE9AE697B6E4BBBBE58AA13C2F7370616E3E3C7370616E207374796C653D22636F6C6F723A207267622835312C2035312C203531293B223EE380813C2F7370616E3E3C7370616E207374796C653D22636F6C6F723A207267622835312C2035312C203531293B223EE69C8DE58AA1E79B91E68EA7E38081E799BBE5BD95E697A5E5BF97E38081E6938DE4BD9CE697A5E5BF97E38081E4BBA3E7A081E7949FE68890E7AD89E58A9FE883BDE38082E585B6E4B8ADEFBC8CE8BF98E694AFE68C81E5A49AE695B0E68DAEE6BA90E38081E695B0E68DAEE69D83E99990E38081E59BBDE99985E58C96E380815265646973E7BC93E5AD98E38081446F636B6572E983A8E7BDB2E38081E6BB91E58AA8E9AA8CE8AF81E7A081E38081E7ACACE4B889E696B9E8AEA4E8AF81E799BBE5BD95E38081E58886E5B883E5BC8FE4BA8BE58AA1E380813C2F7370616E3E3C666F6E7420636F6C6F723D2223333333333333223EE58886E5B883E5BC8FE69687E4BBB6E5AD98E582A83C2F666F6E743E3C7370616E207374796C653D22636F6C6F723A207267622835312C2035312C203531293B223EE38081E58886E5BA93E58886E8A1A8E5A484E79086E7AD89E68A80E69CAFE789B9E782B9E380823C2F7370616E3E3C2F703E3C703E3C696D67207372633D2268747470733A2F2F666F727564612E67697465652E636F6D2F696D616765732F313730353033303538333937373430313635312F35656435646236615F313135313030342E706E6722207374796C653D2277696474683A20363470783B223E3C62723E3C2F703E3C703E3C7370616E207374796C653D22636F6C6F723A20726762283233302C20302C2030293B223EE5AE98E7BD91E58F8AE6BC94E7A4BA3C2F7370616E3E3C2F703E3C703E3C7370616E207374796C653D22636F6C6F723A207267622835312C2035312C203531293B223EE88BA5E4BE9DE5AE98E7BD91E59CB0E59D80EFBC9A266E6273703B3C2F7370616E3E3C6120687265663D22687474703A2F2F72756F79692E76697022207461726765743D225F626C616E6B223E687474703A2F2F72756F79692E7669703C2F613E3C6120687265663D22687474703A2F2F72756F79692E76697022207461726765743D225F626C616E6B223E3C2F613E3C2F703E3C703E3C7370616E207374796C653D22636F6C6F723A207267622835312C2035312C203531293B223EE88BA5E4BE9DE69687E6A1A3E59CB0E59D80EFBC9A266E6273703B3C2F7370616E3E3C6120687265663D22687474703A2F2F646F632E72756F79692E76697022207461726765743D225F626C616E6B223E687474703A2F2F646F632E72756F79692E7669703C2F613E3C62723E3C2F703E3C703E3C7370616E207374796C653D22636F6C6F723A207267622835312C2035312C203531293B223EE6BC94E7A4BAE59CB0E59D80E38090E4B88DE58886E7A6BBE78988E38091EFBC9A266E6273703B3C2F7370616E3E3C6120687265663D22687474703A2F2F64656D6F2E72756F79692E76697022207461726765743D225F626C616E6B223E687474703A2F2F64656D6F2E72756F79692E7669703C2F613E3C2F703E3C703E3C7370616E207374796C653D22636F6C6F723A207267622835312C2035312C203531293B223EE6BC94E7A4BAE59CB0E59D80E38090E58886E7A6BBE78988E69CACE38091EFBC9A266E6273703B3C2F7370616E3E3C6120687265663D22687474703A2F2F7675652E72756F79692E76697022207461726765743D225F626C616E6B223E687474703A2F2F7675652E72756F79692E7669703C2F613E3C2F703E3C703E3C7370616E207374796C653D22636F6C6F723A207267622835312C2035312C203531293B223EE6BC94E7A4BAE59CB0E59D80E38090E5BEAEE69C8DE58AA1E78988E38091EFBC9A266E6273703B3C2F7370616E3E3C6120687265663D22687474703A2F2F636C6F75642E72756F79692E76697022207461726765743D225F626C616E6B223E687474703A2F2F636C6F75642E72756F79692E7669703C2F613E3C2F703E3C703E3C7370616E207374796C653D22636F6C6F723A207267622835312C2035312C203531293B223EE6BC94E7A4BAE59CB0E59D80E38090E7A7BBE58AA8E7ABAFE78988E38091EFBC9A266E6273703B3C2F7370616E3E3C6120687265663D22687474703A2F2F68352E72756F79692E76697022207461726765743D225F626C616E6B223E687474703A2F2F68352E72756F79692E7669703C2F613E3C2F703E3C703E3C6272207374796C653D22636F6C6F723A207267622834382C2034392C203531293B20666F6E742D66616D696C793A202671756F743B48656C766574696361204E6575652671756F743B2C2048656C7665746963612C20417269616C2C2073616E732D73657269663B20666F6E742D73697A653A20313270783B223E3C2F703E, '0', 'admin', '2024-01-15 15:37:18', '', NULL, '');

-- ----------------------------
-- Table structure for sys_oper_log
-- ----------------------------
DROP TABLE IF EXISTS `sys_oper_log`;
CREATE TABLE `sys_oper_log`  (
  `oper_id` bigint(20) NOT NULL AUTO_INCREMENT COMMENT '',
  `title` varchar(50) CHARACTER SET utf8mb4 COLLATE utf8mb4_general_ci NULL DEFAULT '' COMMENT '',
  `business_type` int(2) NULL DEFAULT 0 COMMENT '0 1 2 3',
  `method` varchar(100) CHARACTER SET utf8mb4 COLLATE utf8mb4_general_ci NULL DEFAULT '' COMMENT '',
  `request_method` varchar(10) CHARACTER SET utf8mb4 COLLATE utf8mb4_general_ci NULL DEFAULT '' COMMENT '',
  `operator_type` int(1) NULL DEFAULT 0 COMMENT '0 1 2',
  `oper_name` varchar(50) CHARACTER SET utf8mb4 COLLATE utf8mb4_general_ci NULL DEFAULT '' COMMENT '',
  `dept_name` varchar(50) CHARACTER SET utf8mb4 COLLATE utf8mb4_general_ci NULL DEFAULT '' COMMENT '',
  `oper_url` varchar(255) CHARACTER SET utf8mb4 COLLATE utf8mb4_general_ci NULL DEFAULT '' COMMENT 'URL',
  `oper_ip` varchar(128) CHARACTER SET utf8mb4 COLLATE utf8mb4_general_ci NULL DEFAULT '' COMMENT '',
  `oper_location` varchar(255) CHARACTER SET utf8mb4 COLLATE utf8mb4_general_ci NULL DEFAULT '' COMMENT '',
  `oper_param` varchar(2000) CHARACTER SET utf8mb4 COLLATE utf8mb4_general_ci NULL DEFAULT '' COMMENT '',
  `json_result` varchar(2000) CHARACTER SET utf8mb4 COLLATE utf8mb4_general_ci NULL DEFAULT '' COMMENT '',
  `status` int(1) NULL DEFAULT 0 COMMENT '0 1',
  `error_msg` varchar(2000) CHARACTER SET utf8mb4 COLLATE utf8mb4_general_ci NULL DEFAULT '' COMMENT '',
  `oper_time` datetime NULL DEFAULT NULL COMMENT '',
  `cost_time` bigint(20) NULL DEFAULT 0 COMMENT '',
  PRIMARY KEY (`oper_id`) USING BTREE,
  INDEX `idx_sys_oper_log_bt`(`business_type`) USING BTREE,
  INDEX `idx_sys_oper_log_s`(`status`) USING BTREE,
  INDEX `idx_sys_oper_log_ot`(`oper_time`) USING BTREE
) ENGINE = InnoDB AUTO_INCREMENT = 2 CHARACTER SET = utf8mb4 COLLATE = utf8mb4_general_ci COMMENT = '' ROW_FORMAT = Dynamic;

-- ----------------------------
-- Records of sys_oper_log
-- ----------------------------
INSERT INTO `sys_oper_log` VALUES (1, '', 9, 'com.ruoyi.project.monitor.operlog.controller.OperlogController.clean()', 'POST', 1, 'admin', '', '/monitor/operlog/clean', '127.0.0.1', 'IP', '', '{\"msg\":\"\",\"code\":0}', 0, NULL, '2026-02-11 16:55:19', 19);

-- ----------------------------
-- Table structure for sys_post
-- ----------------------------
DROP TABLE IF EXISTS `sys_post`;
CREATE TABLE `sys_post`  (
  `post_id` bigint(20) NOT NULL AUTO_INCREMENT COMMENT 'ID',
  `post_code` varchar(64) CHARACTER SET utf8mb4 COLLATE utf8mb4_general_ci NOT NULL COMMENT '',
  `post_name` varchar(50) CHARACTER SET utf8mb4 COLLATE utf8mb4_general_ci NOT NULL COMMENT '',
  `post_sort` int(4) NOT NULL COMMENT '',
  `status` char(1) CHARACTER SET utf8mb4 COLLATE utf8mb4_general_ci NOT NULL COMMENT '0 1',
  `create_by` varchar(64) CHARACTER SET utf8mb4 COLLATE utf8mb4_general_ci NULL DEFAULT '' COMMENT '',
  `create_time` datetime NULL DEFAULT NULL COMMENT '',
  `update_by` varchar(64) CHARACTER SET utf8mb4 COLLATE utf8mb4_general_ci NULL DEFAULT '' COMMENT '',
  `update_time` datetime NULL DEFAULT NULL COMMENT '',
  `remark` varchar(500) CHARACTER SET utf8mb4 COLLATE utf8mb4_general_ci NULL DEFAULT NULL COMMENT '',
  PRIMARY KEY (`post_id`) USING BTREE
) ENGINE = InnoDB AUTO_INCREMENT = 5 CHARACTER SET = utf8mb4 COLLATE = utf8mb4_general_ci COMMENT = '' ROW_FORMAT = Dynamic;

-- ----------------------------
-- Records of sys_post
-- ----------------------------
INSERT INTO `sys_post` VALUES (1, 'ceo', '', 1, '0', 'admin', '2024-01-15 15:37:17', '', NULL, '');
INSERT INTO `sys_post` VALUES (2, 'se', '', 2, '0', 'admin', '2024-01-15 15:37:17', '', NULL, '');
INSERT INTO `sys_post` VALUES (3, 'hr', '', 3, '0', 'admin', '2024-01-15 15:37:17', '', NULL, '');
INSERT INTO `sys_post` VALUES (4, 'user', '', 4, '0', 'admin', '2024-01-15 15:37:17', '', NULL, '');

-- ----------------------------
-- Table structure for sys_role
-- ----------------------------
DROP TABLE IF EXISTS `sys_role`;
CREATE TABLE `sys_role`  (
  `role_id` bigint(20) NOT NULL AUTO_INCREMENT COMMENT 'ID',
  `role_name` varchar(30) CHARACTER SET utf8mb4 COLLATE utf8mb4_general_ci NOT NULL COMMENT '',
  `role_key` varchar(100) CHARACTER SET utf8mb4 COLLATE utf8mb4_general_ci NOT NULL COMMENT '',
  `role_sort` int(4) NOT NULL COMMENT '',
  `data_scope` char(1) CHARACTER SET utf8mb4 COLLATE utf8mb4_general_ci NULL DEFAULT '1' COMMENT '1 2 3 4',
  `status` char(1) CHARACTER SET utf8mb4 COLLATE utf8mb4_general_ci NOT NULL COMMENT '0 1',
  `del_flag` char(1) CHARACTER SET utf8mb4 COLLATE utf8mb4_general_ci NULL DEFAULT '0' COMMENT '0 2',
  `create_by` varchar(64) CHARACTER SET utf8mb4 COLLATE utf8mb4_general_ci NULL DEFAULT '' COMMENT '',
  `create_time` datetime NULL DEFAULT NULL COMMENT '',
  `update_by` varchar(64) CHARACTER SET utf8mb4 COLLATE utf8mb4_general_ci NULL DEFAULT '' COMMENT '',
  `update_time` datetime NULL DEFAULT NULL COMMENT '',
  `remark` varchar(500) CHARACTER SET utf8mb4 COLLATE utf8mb4_general_ci NULL DEFAULT NULL COMMENT '',
  PRIMARY KEY (`role_id`) USING BTREE
) ENGINE = InnoDB AUTO_INCREMENT = 5 CHARACTER SET = utf8mb4 COLLATE = utf8mb4_general_ci COMMENT = '' ROW_FORMAT = Dynamic;

-- ----------------------------
-- Records of sys_role
-- ----------------------------
INSERT INTO `sys_role` VALUES (1, '', 'admin', 1, '1', '0', '0', 'admin', '2024-01-15 15:37:17', '', NULL, '');
INSERT INTO `sys_role` VALUES (2, '', 'common', 2, '2', '0', '0', 'admin', '2024-01-15 15:37:17', 'admin', '2026-02-07 15:11:44', '');
INSERT INTO `sys_role` VALUES (3, '', 'leader', 3, '1', '0', '0', 'admin', '2026-02-08 16:37:15', '', NULL, NULL);
INSERT INTO `sys_role` VALUES (4, '', 'ceo', 4, '1', '0', '0', 'admin', '2026-02-08 16:37:42', '', NULL, NULL);

-- ----------------------------
-- Table structure for sys_role_dept
-- ----------------------------
DROP TABLE IF EXISTS `sys_role_dept`;
CREATE TABLE `sys_role_dept`  (
  `role_id` bigint(20) NOT NULL COMMENT 'ID',
  `dept_id` bigint(20) NOT NULL COMMENT 'ID',
  PRIMARY KEY (`role_id`, `dept_id`) USING BTREE
) ENGINE = InnoDB CHARACTER SET = utf8mb4 COLLATE = utf8mb4_general_ci COMMENT = '' ROW_FORMAT = Dynamic;

-- ----------------------------
-- Records of sys_role_dept
-- ----------------------------
INSERT INTO `sys_role_dept` VALUES (2, 100);
INSERT INTO `sys_role_dept` VALUES (2, 101);
INSERT INTO `sys_role_dept` VALUES (2, 105);

-- ----------------------------
-- Table structure for sys_role_menu
-- ----------------------------
DROP TABLE IF EXISTS `sys_role_menu`;
CREATE TABLE `sys_role_menu`  (
  `role_id` bigint(20) NOT NULL COMMENT 'ID',
  `menu_id` bigint(20) NOT NULL COMMENT 'ID',
  PRIMARY KEY (`role_id`, `menu_id`) USING BTREE
) ENGINE = InnoDB CHARACTER SET = utf8mb4 COLLATE = utf8mb4_general_ci COMMENT = '' ROW_FORMAT = Dynamic;

-- ----------------------------
-- Records of sys_role_menu
-- ----------------------------
INSERT INTO `sys_role_menu` VALUES (2, 1);
INSERT INTO `sys_role_menu` VALUES (2, 2);
INSERT INTO `sys_role_menu` VALUES (2, 3);
INSERT INTO `sys_role_menu` VALUES (2, 4);
INSERT INTO `sys_role_menu` VALUES (2, 100);
INSERT INTO `sys_role_menu` VALUES (2, 101);
INSERT INTO `sys_role_menu` VALUES (2, 102);
INSERT INTO `sys_role_menu` VALUES (2, 103);
INSERT INTO `sys_role_menu` VALUES (2, 104);
INSERT INTO `sys_role_menu` VALUES (2, 105);
INSERT INTO `sys_role_menu` VALUES (2, 106);
INSERT INTO `sys_role_menu` VALUES (2, 107);
INSERT INTO `sys_role_menu` VALUES (2, 108);
INSERT INTO `sys_role_menu` VALUES (2, 109);
INSERT INTO `sys_role_menu` VALUES (2, 110);
INSERT INTO `sys_role_menu` VALUES (2, 111);
INSERT INTO `sys_role_menu` VALUES (2, 112);
INSERT INTO `sys_role_menu` VALUES (2, 113);
INSERT INTO `sys_role_menu` VALUES (2, 114);
INSERT INTO `sys_role_menu` VALUES (2, 115);
INSERT INTO `sys_role_menu` VALUES (2, 116);
INSERT INTO `sys_role_menu` VALUES (2, 500);
INSERT INTO `sys_role_menu` VALUES (2, 501);
INSERT INTO `sys_role_menu` VALUES (2, 1000);
INSERT INTO `sys_role_menu` VALUES (2, 1001);
INSERT INTO `sys_role_menu` VALUES (2, 1002);
INSERT INTO `sys_role_menu` VALUES (2, 1003);
INSERT INTO `sys_role_menu` VALUES (2, 1004);
INSERT INTO `sys_role_menu` VALUES (2, 1005);
INSERT INTO `sys_role_menu` VALUES (2, 1006);
INSERT INTO `sys_role_menu` VALUES (2, 1007);
INSERT INTO `sys_role_menu` VALUES (2, 1008);
INSERT INTO `sys_role_menu` VALUES (2, 1009);
INSERT INTO `sys_role_menu` VALUES (2, 1010);
INSERT INTO `sys_role_menu` VALUES (2, 1011);
INSERT INTO `sys_role_menu` VALUES (2, 1012);
INSERT INTO `sys_role_menu` VALUES (2, 1013);
INSERT INTO `sys_role_menu` VALUES (2, 1014);
INSERT INTO `sys_role_menu` VALUES (2, 1015);
INSERT INTO `sys_role_menu` VALUES (2, 1016);
INSERT INTO `sys_role_menu` VALUES (2, 1017);
INSERT INTO `sys_role_menu` VALUES (2, 1018);
INSERT INTO `sys_role_menu` VALUES (2, 1019);
INSERT INTO `sys_role_menu` VALUES (2, 1020);
INSERT INTO `sys_role_menu` VALUES (2, 1021);
INSERT INTO `sys_role_menu` VALUES (2, 1022);
INSERT INTO `sys_role_menu` VALUES (2, 1023);
INSERT INTO `sys_role_menu` VALUES (2, 1024);
INSERT INTO `sys_role_menu` VALUES (2, 1025);
INSERT INTO `sys_role_menu` VALUES (2, 1026);
INSERT INTO `sys_role_menu` VALUES (2, 1027);
INSERT INTO `sys_role_menu` VALUES (2, 1028);
INSERT INTO `sys_role_menu` VALUES (2, 1029);
INSERT INTO `sys_role_menu` VALUES (2, 1030);
INSERT INTO `sys_role_menu` VALUES (2, 1031);
INSERT INTO `sys_role_menu` VALUES (2, 1032);
INSERT INTO `sys_role_menu` VALUES (2, 1033);
INSERT INTO `sys_role_menu` VALUES (2, 1034);
INSERT INTO `sys_role_menu` VALUES (2, 1035);
INSERT INTO `sys_role_menu` VALUES (2, 1036);
INSERT INTO `sys_role_menu` VALUES (2, 1037);
INSERT INTO `sys_role_menu` VALUES (2, 1038);
INSERT INTO `sys_role_menu` VALUES (2, 1039);
INSERT INTO `sys_role_menu` VALUES (2, 1040);
INSERT INTO `sys_role_menu` VALUES (2, 1041);
INSERT INTO `sys_role_menu` VALUES (2, 1042);
INSERT INTO `sys_role_menu` VALUES (2, 1043);
INSERT INTO `sys_role_menu` VALUES (2, 1044);
INSERT INTO `sys_role_menu` VALUES (2, 1045);
INSERT INTO `sys_role_menu` VALUES (2, 1046);
INSERT INTO `sys_role_menu` VALUES (2, 1047);
INSERT INTO `sys_role_menu` VALUES (2, 1048);
INSERT INTO `sys_role_menu` VALUES (2, 1049);
INSERT INTO `sys_role_menu` VALUES (2, 1050);
INSERT INTO `sys_role_menu` VALUES (2, 1051);
INSERT INTO `sys_role_menu` VALUES (2, 1052);
INSERT INTO `sys_role_menu` VALUES (2, 1053);
INSERT INTO `sys_role_menu` VALUES (2, 1054);
INSERT INTO `sys_role_menu` VALUES (2, 1055);
INSERT INTO `sys_role_menu` VALUES (2, 1056);
INSERT INTO `sys_role_menu` VALUES (2, 1057);
INSERT INTO `sys_role_menu` VALUES (2, 1058);
INSERT INTO `sys_role_menu` VALUES (2, 1059);
INSERT INTO `sys_role_menu` VALUES (2, 1060);
INSERT INTO `sys_role_menu` VALUES (2, 1061);
INSERT INTO `sys_role_menu` VALUES (2, 3007);
INSERT INTO `sys_role_menu` VALUES (2, 3010);
INSERT INTO `sys_role_menu` VALUES (2, 3011);
INSERT INTO `sys_role_menu` VALUES (2, 3012);
INSERT INTO `sys_role_menu` VALUES (3, 3007);
INSERT INTO `sys_role_menu` VALUES (3, 3010);
INSERT INTO `sys_role_menu` VALUES (3, 3011);
INSERT INTO `sys_role_menu` VALUES (3, 3012);
INSERT INTO `sys_role_menu` VALUES (4, 3007);
INSERT INTO `sys_role_menu` VALUES (4, 3010);
INSERT INTO `sys_role_menu` VALUES (4, 3011);
INSERT INTO `sys_role_menu` VALUES (4, 3012);

-- ----------------------------
-- Table structure for sys_role_procdef
-- ----------------------------
DROP TABLE IF EXISTS `sys_role_procdef`;
CREATE TABLE `sys_role_procdef`  (
  `id` bigint(20) NOT NULL,
  `role_id` bigint(20) NULL DEFAULT NULL COMMENT 'ID',
  `procdef_key` varchar(50) CHARACTER SET utf8 COLLATE utf8_general_ci NULL DEFAULT NULL COMMENT 'key',
  PRIMARY KEY (`id`) USING BTREE
) ENGINE = InnoDB CHARACTER SET = utf8 COLLATE = utf8_general_ci COMMENT = '' ROW_FORMAT = DYNAMIC;

-- ----------------------------
-- Records of sys_role_procdef
-- ----------------------------
INSERT INTO `sys_role_procdef` VALUES (2020032715264491520, 2, 'inclusive-gateway');
INSERT INTO `sys_role_procdef` VALUES (2020032715264491521, 2, 'qingjia');
INSERT INTO `sys_role_procdef` VALUES (2020416622593966080, 3, 'qingjia');
INSERT INTO `sys_role_procdef` VALUES (2020416739300474880, 4, 'qingjia');

-- ----------------------------
-- Table structure for sys_user
-- ----------------------------
DROP TABLE IF EXISTS `sys_user`;
CREATE TABLE `sys_user`  (
  `user_id` bigint(20) NOT NULL AUTO_INCREMENT COMMENT 'ID',
  `dept_id` bigint(20) NULL DEFAULT NULL COMMENT 'ID',
  `login_name` varchar(30) CHARACTER SET utf8mb4 COLLATE utf8mb4_general_ci NOT NULL COMMENT '',
  `user_name` varchar(30) CHARACTER SET utf8mb4 COLLATE utf8mb4_general_ci NULL DEFAULT '' COMMENT '',
  `user_type` varchar(2) CHARACTER SET utf8mb4 COLLATE utf8mb4_general_ci NULL DEFAULT '00' COMMENT '00 01',
  `email` varchar(50) CHARACTER SET utf8mb4 COLLATE utf8mb4_general_ci NULL DEFAULT '' COMMENT '',
  `phonenumber` varchar(11) CHARACTER SET utf8mb4 COLLATE utf8mb4_general_ci NULL DEFAULT '' COMMENT '',
  `sex` char(1) CHARACTER SET utf8mb4 COLLATE utf8mb4_general_ci NULL DEFAULT '0' COMMENT '0 1 2',
  `avatar` varchar(100) CHARACTER SET utf8mb4 COLLATE utf8mb4_general_ci NULL DEFAULT '' COMMENT '',
  `password` varchar(50) CHARACTER SET utf8mb4 COLLATE utf8mb4_general_ci NULL DEFAULT '' COMMENT '',
  `salt` varchar(20) CHARACTER SET utf8mb4 COLLATE utf8mb4_general_ci NULL DEFAULT '' COMMENT '',
  `status` char(1) CHARACTER SET utf8mb4 COLLATE utf8mb4_general_ci NULL DEFAULT '0' COMMENT '0 1',
  `del_flag` char(1) CHARACTER SET utf8mb4 COLLATE utf8mb4_general_ci NULL DEFAULT '0' COMMENT '0 2',
  `login_ip` varchar(128) CHARACTER SET utf8mb4 COLLATE utf8mb4_general_ci NULL DEFAULT '' COMMENT 'IP',
  `login_date` datetime NULL DEFAULT NULL COMMENT '',
  `pwd_update_date` datetime NULL DEFAULT NULL COMMENT '',
  `create_by` varchar(64) CHARACTER SET utf8mb4 COLLATE utf8mb4_general_ci NULL DEFAULT '' COMMENT '',
  `create_time` datetime NULL DEFAULT NULL COMMENT '',
  `update_by` varchar(64) CHARACTER SET utf8mb4 COLLATE utf8mb4_general_ci NULL DEFAULT '' COMMENT '',
  `update_time` datetime NULL DEFAULT NULL COMMENT '',
  `remark` varchar(500) CHARACTER SET utf8mb4 COLLATE utf8mb4_general_ci NULL DEFAULT NULL COMMENT '',
  PRIMARY KEY (`user_id`) USING BTREE
) ENGINE = InnoDB AUTO_INCREMENT = 5 CHARACTER SET = utf8mb4 COLLATE = utf8mb4_general_ci COMMENT = '' ROW_FORMAT = Dynamic;

-- ----------------------------
-- Records of sys_user
-- ----------------------------
INSERT INTO `sys_user` VALUES (1, 103, 'admin', '', '00', 'ry@163.com', '15888888888', '1', '', '2d1a539d149d81456e97db375413c92e', '07c2aa', '0', '0', '127.0.0.1', '2026-02-11 16:54:57', '2026-02-06 14:08:39', 'admin', '2024-01-15 15:37:17', '', '2026-02-06 14:08:39', '');
INSERT INTO `sys_user` VALUES (2, 105, 'ry', 'ry', '00', 'ry@qq.com', '15666666666', '1', '', '8e6d98b90472783cc73c17047ddccf36', '222222', '0', '0', '127.0.0.1', '2026-02-11 10:32:20', NULL, 'admin', '2024-01-15 15:37:17', 'admin', '2026-02-08 17:05:45', '');
INSERT INTO `sys_user` VALUES (3, NULL, 'leader', '', '00', '', '', '0', '', '8634a6021729ed6dd11b9c4ec9dd4a33', '2ea4e2', '0', '0', '127.0.0.1', '2026-02-11 15:22:35', '2026-02-08 17:06:12', 'admin', '2026-02-08 17:06:12', '', NULL, NULL);
INSERT INTO `sys_user` VALUES (4, NULL, 'ceo', '', '00', '', '', '0', '', '2f06928ea032a7ff7043ec3b4d3235bd', 'e6c79a', '0', '0', '127.0.0.1', '2026-02-11 16:02:09', '2026-02-08 17:06:28', 'admin', '2026-02-08 17:06:27', '', NULL, NULL);

-- ----------------------------
-- Table structure for sys_user_online
-- ----------------------------
DROP TABLE IF EXISTS `sys_user_online`;
CREATE TABLE `sys_user_online`  (
  `sessionId` varchar(50) CHARACTER SET utf8mb4 COLLATE utf8mb4_general_ci NOT NULL DEFAULT '' COMMENT 'id',
  `login_name` varchar(50) CHARACTER SET utf8mb4 COLLATE utf8mb4_general_ci NULL DEFAULT '' COMMENT '',
  `dept_name` varchar(50) CHARACTER SET utf8mb4 COLLATE utf8mb4_general_ci NULL DEFAULT '' COMMENT '',
  `ipaddr` varchar(128) CHARACTER SET utf8mb4 COLLATE utf8mb4_general_ci NULL DEFAULT '' COMMENT 'IP',
  `login_location` varchar(255) CHARACTER SET utf8mb4 COLLATE utf8mb4_general_ci NULL DEFAULT '' COMMENT '',
  `browser` varchar(50) CHARACTER SET utf8mb4 COLLATE utf8mb4_general_ci NULL DEFAULT '' COMMENT '',
  `os` varchar(50) CHARACTER SET utf8mb4 COLLATE utf8mb4_general_ci NULL DEFAULT '' COMMENT '',
  `status` varchar(10) CHARACTER SET utf8mb4 COLLATE utf8mb4_general_ci NULL DEFAULT '' COMMENT 'on_lineoff_line',
  `start_timestamp` datetime NULL DEFAULT NULL COMMENT 'session',
  `last_access_time` datetime NULL DEFAULT NULL COMMENT 'session',
  `expire_time` int(5) NULL DEFAULT 0 COMMENT '',
  PRIMARY KEY (`sessionId`) USING BTREE
) ENGINE = InnoDB CHARACTER SET = utf8mb4 COLLATE = utf8mb4_general_ci COMMENT = '' ROW_FORMAT = Dynamic;

-- ----------------------------
-- Records of sys_user_online
-- ----------------------------

-- ----------------------------
-- Table structure for sys_user_post
-- ----------------------------
DROP TABLE IF EXISTS `sys_user_post`;
CREATE TABLE `sys_user_post`  (
  `user_id` bigint(20) NOT NULL COMMENT 'ID',
  `post_id` bigint(20) NOT NULL COMMENT 'ID',
  PRIMARY KEY (`user_id`, `post_id`) USING BTREE
) ENGINE = InnoDB CHARACTER SET = utf8mb4 COLLATE = utf8mb4_general_ci COMMENT = '' ROW_FORMAT = Dynamic;

-- ----------------------------
-- Records of sys_user_post
-- ----------------------------
INSERT INTO `sys_user_post` VALUES (1, 1);
INSERT INTO `sys_user_post` VALUES (2, 2);

-- ----------------------------
-- Table structure for sys_user_role
-- ----------------------------
DROP TABLE IF EXISTS `sys_user_role`;
CREATE TABLE `sys_user_role`  (
  `user_id` bigint(20) NOT NULL COMMENT 'ID',
  `role_id` bigint(20) NOT NULL COMMENT 'ID',
  PRIMARY KEY (`user_id`, `role_id`) USING BTREE
) ENGINE = InnoDB CHARACTER SET = utf8mb4 COLLATE = utf8mb4_general_ci COMMENT = '' ROW_FORMAT = Dynamic;

-- ----------------------------
-- Records of sys_user_role
-- ----------------------------
INSERT INTO `sys_user_role` VALUES (1, 1);
INSERT INTO `sys_user_role` VALUES (2, 2);
INSERT INTO `sys_user_role` VALUES (3, 3);
INSERT INTO `sys_user_role` VALUES (4, 4);

SET FOREIGN_KEY_CHECKS = 1;
